400.perlbench,400.perlbench_1,1,0,0,0,0,0,0,0,1,0,0,0,0
400.perlbench,400.perlbench_2,2,0,0,0,0,0,0,0,1,0,0,0,0
400.perlbench,400.perlbench_3,1,92,0,13,37,161,21,3,1,0,0,102,0
400.perlbench,400.perlbench_4,2,9,0,3,2,17,1,1,-1,0,0,11,0
400.perlbench,400.perlbench_5,1,75,0,15,25,140,15,3,-1,0,0,72,0
400.perlbench,400.perlbench_6,2,22,0,7,4,38,4,4,1,0,0,19,0
400.perlbench,400.perlbench_7,2,14,0,4,4,24,2,1,1,0,0,12,0
400.perlbench,400.perlbench_8,2,4,0,2,0,8,0,1,1,0,0,4,0
400.perlbench,400.perlbench_9,1,137,0,33,39,260,16,4,1,0,0,149,0
400.perlbench,400.perlbench_10,1,0,0,0,0,0,0,0,1,0,0,0,0
400.perlbench,400.perlbench_11,2,0,0,0,0,0,0,0,1,0,0,0,0
400.perlbench,400.perlbench_12,2,12,0,4,2,20,2,1,1,0,0,10,0
400.perlbench,400.perlbench_13,1,188,0,45,71,342,23,6,1,0,0,200,0
400.perlbench,400.perlbench_14,1,6,0,2,1,10,1,2,1,0,0,5,0
400.perlbench,400.perlbench_15,2,15,0,6,1,40,0,2,1,0,0,17,0
400.perlbench,400.perlbench_16,1,213,0,42,85,470,22,4,1,0,0,230,0
400.perlbench,400.perlbench_17,1,0,0,0,0,0,0,0,1,0,0,0,0
400.perlbench,400.perlbench_18,1,0,0,0,0,0,0,0,1,0,0,0,0
400.perlbench,400.perlbench_19,1,34,0,8,6,103,3,3,1,0,0,36,0
400.perlbench,400.perlbench_20,2,0,0,0,0,0,0,0,1,0,0,0,0
400.perlbench,400.perlbench_21,1,224,0,43,61,468,31,5,-1,0,0,233,0
400.perlbench,400.perlbench_22,1,12,0,2,6,22,0,1,1,0,0,10,0
400.perlbench,400.perlbench_23,1,0,0,0,0,0,0,0,1,0,0,0,0
400.perlbench,400.perlbench_24,1,84,0,14,42,189,10,3,4,0,0,87,0
400.perlbench,400.perlbench_25,2,28,0,7,7,49,7,3,-1,0,0,28,0
400.perlbench,400.perlbench_26,1,38,0,11,10,65,7,4,-1,0,0,36,0
400.perlbench,400.perlbench_27,1,29,0,10,7,59,2,2,1,0,0,30,0
400.perlbench,400.perlbench_28,1,14,0,4,5,25,2,1,1,0,0,14,0
400.perlbench,400.perlbench_29,1,60,0,24,0,115,1,3,1,0,0,60,0
400.perlbench,400.perlbench_30,1,10,0,3,2,17,2,1,1,0,0,9,0
400.perlbench,400.perlbench_31,1,15,0,3,7,29,1,0,1,0,0,16,0
400.perlbench,400.perlbench_32,1,21,0,1,12,37,2,0,1,0,0,26,0
400.perlbench,400.perlbench_33,1,66,0,7,39,116,4,1,1,0,0,74,0
400.perlbench,400.perlbench_34,1,39,0,4,24,68,2,1,1,0,0,45,0
400.perlbench,400.perlbench_35,1,0,0,0,0,0,0,0,1,0,0,0,0
400.perlbench,400.perlbench_36,1,39,0,4,24,68,2,1,1,10,0,45,0
400.perlbench,400.perlbench_37,1,0,0,0,0,0,0,0,1,10,0,0,0
400.perlbench,400.perlbench_38,1,0,0,0,0,0,0,0,6,0,0,0,0
400.perlbench,400.perlbench_39,1,0,0,0,0,0,0,0,1,3016594,0,0,0
400.perlbench,400.perlbench_40,1,0,0,0,0,0,0,0,1,0,0,0,0
400.perlbench,400.perlbench_41,2,30,0,7,6,55,5,2,1,0,0,32,0
400.perlbench,400.perlbench_42,1,8,0,2,2,9,2,0,1,0,0,7,0
400.perlbench,400.perlbench_43,1,68,0,9,34,122,4,2,1,0,0,77,0
400.perlbench,400.perlbench_44,1,0,0,0,0,0,0,0,1,0,0,0,0
400.perlbench,400.perlbench_45,1,0,0,0,0,0,0,0,1,0,0,0,0
400.perlbench,400.perlbench_46,1,76,0,11,34,139,4,2,1,0,0,87,0
400.perlbench,400.perlbench_47,3,30,0,7,6,55,5,2,1,0,0,32,0
400.perlbench,400.perlbench_48,2,8,0,2,2,9,2,0,1,0,0,7,0
400.perlbench,400.perlbench_49,1,112,0,21,52,210,10,4,-1,0,0,117,0
400.perlbench,400.perlbench_50,2,6,0,2,1,10,1,1,1,0,0,5,0
400.perlbench,400.perlbench_51,1,11,0,4,2,16,2,1,1,0,0,9,0
400.perlbench,400.perlbench_52,1,19,0,3,6,29,7,1,1,0,0,20,0
400.perlbench,400.perlbench_53,1,0,0,0,0,0,0,0,1,0,0,0,0
400.perlbench,400.perlbench_54,1,14,0,1,8,27,1,0,1,0,0,18,0
400.perlbench,400.perlbench_55,1,185,1,31,109,354,10,4,-1,0,0,163,0
400.perlbench,400.perlbench_56,1,88,0,21,33,180,9,4,-1,0,0,78,0
400.perlbench,400.perlbench_57,2,10,0,3,2,21,1,1,1,0,0,10,0
400.perlbench,400.perlbench_58,1,32,0,7,12,58,3,2,-1,0,0,29,0
400.perlbench,400.perlbench_59,1,6,0,2,2,13,0,1,-1,0,0,6,0
400.perlbench,400.perlbench_60,2,12,0,3,3,20,3,1,1,0,0,12,0
400.perlbench,400.perlbench_61,2,0,0,0,0,0,0,0,1,0,0,0,0
400.perlbench,400.perlbench_62,2,29,0,7,5,55,7,3,-1,0,0,34,0
400.perlbench,400.perlbench_63,2,0,0,0,0,0,0,0,1,0,0,0,0
400.perlbench,400.perlbench_64,2,0,0,0,0,0,0,0,1,0,0,0,0
400.perlbench,400.perlbench_65,2,0,0,0,0,0,0,0,1,0,0,0,0
400.perlbench,400.perlbench_66,1,133,0,39,39,251,17,5,-1,0,0,125,0
400.perlbench,400.perlbench_67,1,0,0,0,0,0,0,0,1,0,0,0,0
400.perlbench,400.perlbench_68,1,0,0,0,0,0,0,0,1,0,0,0,0
400.perlbench,400.perlbench_69,1,0,0,0,0,0,0,0,1,0,0,0,0
400.perlbench,400.perlbench_70,1,60,0,14,23,104,3,2,-1,0,0,53,0
400.perlbench,400.perlbench_71,2,11,0,1,8,19,1,1,-1,0,0,14,0
400.perlbench,400.perlbench_72,2,32,0,7,12,53,6,3,1,0,0,31,0
400.perlbench,400.perlbench_73,2,7,0,1,0,15,3,1,-1,0,0,9,0
400.perlbench,400.perlbench_74,2,18,0,4,4,31,3,3,-1,0,0,19,0
400.perlbench,400.perlbench_75,2,18,0,3,4,33,4,2,-1,0,0,20,0
400.perlbench,400.perlbench_76,2,0,0,0,0,0,0,0,1,0,0,0,0
400.perlbench,400.perlbench_77,2,0,0,0,0,0,0,0,1,0,0,0,0
400.perlbench,400.perlbench_78,1,334,0,72,125,601,28,5,1,0,0,345,0
400.perlbench,400.perlbench_79,1,14,0,4,4,24,2,2,1,0,0,12,0
400.perlbench,400.perlbench_80,1,5,0,1,2,9,1,1,-1,0,0,5,0
400.perlbench,400.perlbench_81,1,10,0,2,3,17,2,1,1,0,0,9,0
400.perlbench,400.perlbench_82,1,10,0,2,3,17,2,1,1,0,0,9,0
400.perlbench,400.perlbench_83,1,11,0,2,3,19,2,1,1,0,0,10,0
400.perlbench,400.perlbench_84,3,58,0,22,8,102,9,2,-1,0,0,53,0
400.perlbench,400.perlbench_85,3,22,0,6,5,34,5,3,1,0,0,21,0
400.perlbench,400.perlbench_86,3,0,0,0,0,0,0,0,1,0,0,0,0
400.perlbench,400.perlbench_87,2,219,0,57,59,416,29,4,-1,0,0,207,0
400.perlbench,400.perlbench_88,4,6,0,2,1,10,1,1,1,0,0,5,0
400.perlbench,400.perlbench_89,3,28,0,9,7,50,3,1,-1,0,0,25,0
400.perlbench,400.perlbench_90,2,7,0,2,1,19,0,1,-1,0,0,8,0
400.perlbench,400.perlbench_91,3,27,0,8,8,48,4,2,-1,0,0,24,0
400.perlbench,400.perlbench_92,2,0,0,0,0,0,0,0,1,0,0,0,0
400.perlbench,400.perlbench_93,1,66,0,23,8,131,8,3,-1,0,0,59,0
400.perlbench,400.perlbench_94,2,34,0,6,16,66,4,1,1,0,0,32,0
400.perlbench,400.perlbench_95,2,156,0,36,52,308,13,3,1,0,0,152,0
400.perlbench,400.perlbench_96,2,52,0,10,21,102,4,1,1,0,0,49,0
400.perlbench,400.perlbench_97,2,42,0,9,19,82,2,1,1,0,0,40,0
400.perlbench,400.perlbench_98,1,302,0,84,68,673,27,5,1,0,0,280,0
400.perlbench,400.perlbench_99,1,9,0,2,4,16,1,1,1,0,0,8,0
400.perlbench,400.perlbench_100,1,19,0,5,5,28,5,2,1,0,0,18,0
400.perlbench,400.perlbench_101,2,256,0,72,67,469,34,4,1,0,0,234,0
400.perlbench,400.perlbench_102,1,14,0,4,5,25,2,1,1,0,0,12,0
400.perlbench,400.perlbench_103,2,25,0,6,7,42,5,3,-1,0,0,25,0
400.perlbench,400.perlbench_104,1,14,0,6,7,26,0,1,-1,0,0,9,0
400.perlbench,400.perlbench_105,2,11,0,2,3,18,3,1,1,0,0,11,0
400.perlbench,400.perlbench_106,2,0,0,0,0,0,0,0,1,0,0,0,0
400.perlbench,400.perlbench_107,2,0,0,0,0,0,0,0,1,0,0,0,0
400.perlbench,400.perlbench_108,2,19,0,4,6,34,4,2,-1,0,0,17,0
400.perlbench,400.perlbench_109,2,8,0,2,2,12,2,1,1,0,0,8,0
400.perlbench,400.perlbench_110,2,0,0,0,0,0,0,0,1,0,0,0,0
400.perlbench,400.perlbench_111,1,146,0,30,52,263,20,2,-1,0,0,163,0
400.perlbench,400.perlbench_112,1,0,0,0,0,0,0,0,1,0,0,0,0
400.perlbench,400.perlbench_113,1,11,0,2,3,18,3,1,1,0,0,11,0
400.perlbench,400.perlbench_114,1,0,0,0,0,0,0,0,1,0,0,0,0
400.perlbench,400.perlbench_115,1,11,0,2,3,18,3,1,1,0,0,11,0
400.perlbench,400.perlbench_116,2,10,0,2,3,17,2,1,1,0,0,9,0
400.perlbench,400.perlbench_117,2,10,0,2,3,17,2,1,1,0,0,9,0
400.perlbench,400.perlbench_118,3,6,0,2,1,10,1,1,1,0,0,5,0
400.perlbench,400.perlbench_119,2,11,0,4,2,21,1,1,-1,0,0,10,0
400.perlbench,400.perlbench_120,2,8,0,2,2,12,2,1,1,0,0,8,0
400.perlbench,400.perlbench_121,1,130,0,27,48,233,19,2,-1,0,0,142,0
400.perlbench,400.perlbench_122,1,10,0,2,3,17,2,1,1,0,0,9,0
400.perlbench,400.perlbench_123,1,24,0,6,9,45,4,3,-1,0,0,22,0
400.perlbench,400.perlbench_124,3,10,0,3,2,18,2,1,1,0,0,9,0
400.perlbench,400.perlbench_125,2,10,0,3,2,20,1,2,-1,0,0,10,0
400.perlbench,400.perlbench_126,1,41,0,9,15,75,5,2,-1,0,0,45,0
400.perlbench,400.perlbench_127,1,6,0,2,1,10,1,1,1,0,0,5,0
400.perlbench,400.perlbench_128,2,6,0,2,1,10,1,1,1,0,0,5,0
400.perlbench,400.perlbench_129,2,0,0,0,0,0,0,0,1,0,0,0,0
400.perlbench,400.perlbench_130,1,21,0,6,6,39,2,2,-1,0,0,21,0
400.perlbench,400.perlbench_131,2,0,0,0,0,0,0,0,1,0,0,0,0
400.perlbench,400.perlbench_132,3,0,0,0,0,0,0,0,1,0,0,0,0
400.perlbench,400.perlbench_133,3,0,0,0,0,0,0,0,1,0,0,0,0
400.perlbench,400.perlbench_134,2,23,0,7,4,41,2,2,-1,0,0,21,0
400.perlbench,400.perlbench_135,3,6,0,2,1,10,1,1,1,0,0,5,0
400.perlbench,400.perlbench_136,2,8,0,2,2,15,1,1,-1,0,0,8,0
400.perlbench,400.perlbench_137,1,15,0,4,4,23,2,1,-1,0,0,13,0
400.perlbench,400.perlbench_138,1,44,0,13,10,69,10,3,-1,0,0,41,0
400.perlbench,400.perlbench_139,1,7,0,1,3,14,2,0,1,0,0,8,0
400.perlbench,400.perlbench_140,1,34,0,12,5,61,7,2,-1,0,0,33,0
400.perlbench,400.perlbench_141,1,11,0,1,8,25,0,0,10,0,0,10,0
400.perlbench,400.perlbench_142,4,28,0,5,12,49,6,3,-1,0,0,29,0
400.perlbench,400.perlbench_143,4,61,0,10,28,109,7,3,1,0,0,67,0
400.perlbench,400.perlbench_144,4,101,0,15,44,191,9,3,1,0,0,117,0
400.perlbench,400.perlbench_145,3,47,0,6,12,90,4,1,1,0,0,53,0
400.perlbench,400.perlbench_146,2,93,0,17,36,177,8,3,1,0,0,97,0
400.perlbench,400.perlbench_147,1,12,0,2,4,16,1,0,1,0,0,11,0
400.perlbench,400.perlbench_148,1,98,1,21,33,179,12,3,1,0,0,91,0
400.perlbench,400.perlbench_149,1,0,0,0,0,0,0,0,1,0,0,0,0
400.perlbench,400.perlbench_150,1,0,0,0,0,0,0,0,1,0,0,0,0
400.perlbench,400.perlbench_151,1,192,0,36,112,395,15,5,-1,0,0,168,0
400.perlbench,400.perlbench_152,1,42,0,13,16,90,1,3,-1,0,0,34,0
400.perlbench,400.perlbench_153,1,244,0,48,132,496,17,5,-1,0,0,209,0
400.perlbench,400.perlbench_154,1,7,0,3,0,18,0,2,-1,0,0,7,0
400.perlbench,400.perlbench_155,1,152,0,24,90,316,14,4,-1,0,0,139,0
400.perlbench,400.perlbench_156,1,90,0,16,51,177,7,3,-1,0,0,81,0
400.perlbench,400.perlbench_157,1,31,0,7,16,65,1,3,-1,0,0,24,0
400.perlbench,400.perlbench_158,1,222,0,44,109,464,15,5,-1,0,0,202,0
400.perlbench,400.perlbench_159,1,17,0,3,5,31,2,1,1,0,0,19,0
400.perlbench,400.perlbench_160,1,92,0,11,58,197,8,3,-1,0,0,81,0
400.perlbench,400.perlbench_161,1,477,0,59,269,982,65,4,-1,0,0,441,0
400.perlbench,400.perlbench_162,1,470,0,59,266,971,62,5,-1,0,0,439,0
400.perlbench,400.perlbench_163,1,10,0,1,4,21,1,0,1,0,0,10,0
400.perlbench,400.perlbench_164,1,105,0,10,65,219,15,3,-1,0,0,96,0
400.perlbench,400.perlbench_165,1,389,0,42,247,816,40,3,-1,0,0,360,0
400.perlbench,400.perlbench_166,1,18,0,3,9,32,1,1,1,0,0,16,0
400.perlbench,400.perlbench_167,1,63,0,8,33,110,8,2,-1,0,0,69,0
400.perlbench,400.perlbench_168,1,0,0,0,0,0,0,0,1,0,0,0,0
400.perlbench,400.perlbench_169,1,26,0,4,13,45,3,1,1,0,0,22,0
400.perlbench,400.perlbench_170,1,0,0,0,0,0,0,0,1,1508820,0,0,0
400.perlbench,400.perlbench_171,1,0,0,0,0,0,0,0,1,0,0,0,0
400.perlbench,400.perlbench_172,1,0,0,0,0,0,0,0,1,2659,0,0,0
400.perlbench,400.perlbench_173,1,0,0,0,0,0,0,0,1,30,0,0,0
400.perlbench,400.perlbench_174,1,0,0,0,0,0,0,0,1,2680,0,0,0
400.perlbench,400.perlbench_175,1,9,0,1,6,17,0,0,1,3011478,0,11,0
400.perlbench,400.perlbench_176,1,0,0,0,0,0,0,0,1,1507906,0,0,0
400.perlbench,400.perlbench_177,1,0,0,0,0,0,0,0,1,1706,0,0,0
400.perlbench,400.perlbench_178,1,0,0,0,0,0,0,0,1,0,0,0,0
400.perlbench,400.perlbench_179,1,0,0,0,0,0,0,0,1,0,0,0,0
400.perlbench,400.perlbench_180,1,0,0,0,0,0,0,0,1,756035,0,0,0
400.perlbench,400.perlbench_181,1,0,0,0,0,0,0,0,1,0,0,0,0
400.perlbench,400.perlbench_182,1,0,0,0,0,0,0,0,1,0,0,0,0
400.perlbench,400.perlbench_183,1,13,0,2,6,23,2,2,1,0,0,12,0
400.perlbench,400.perlbench_184,1,19,0,6,4,35,4,1,1,0,0,17,0
400.perlbench,400.perlbench_185,1,19,0,6,4,35,4,1,1,0,0,17,0
400.perlbench,400.perlbench_186,1,19,0,6,4,35,4,1,1,0,0,17,0
400.perlbench,400.perlbench_187,1,19,0,6,4,35,4,1,1,0,0,17,0
400.perlbench,400.perlbench_188,1,19,0,6,4,35,4,1,1,0,0,17,0
400.perlbench,400.perlbench_189,1,19,0,6,4,35,4,1,1,0,0,17,0
400.perlbench,400.perlbench_190,1,29,0,7,10,54,5,1,1,0,0,27,0
400.perlbench,400.perlbench_191,1,19,0,6,4,35,4,1,1,0,0,17,0
400.perlbench,400.perlbench_192,1,29,0,7,10,54,5,1,1,0,0,27,0
400.perlbench,400.perlbench_193,1,19,0,6,4,35,4,1,1,0,0,17,0
400.perlbench,400.perlbench_194,2,0,0,0,0,0,0,0,1,0,0,0,0
400.perlbench,400.perlbench_195,1,366,0,59,195,699,23,4,-1,0,0,296,0
400.perlbench,400.perlbench_196,1,68,0,13,34,136,1,3,-1,0,0,60,0
400.perlbench,400.perlbench_197,1,159,0,38,60,281,26,2,1,0,0,158,0
400.perlbench,400.perlbench_198,1,35,0,6,22,62,2,2,1,0,0,31,0
400.perlbench,400.perlbench_199,2,24,0,7,5,44,5,1,1,0,0,22,0
400.perlbench,400.perlbench_200,2,25,0,7,5,46,5,1,1,0,0,23,0
400.perlbench,400.perlbench_201,1,17,0,6,6,28,0,1,1,0,0,15,0
400.perlbench,400.perlbench_202,1,24,0,7,5,44,5,1,1,0,0,22,0
400.perlbench,400.perlbench_203,1,37,0,11,8,69,8,4,-1,0,0,34,0
400.perlbench,400.perlbench_204,1,33,0,10,7,58,7,3,1,0,0,30,0
400.perlbench,400.perlbench_205,1,0,0,0,0,0,0,0,1,0,0,0,0
400.perlbench,400.perlbench_206,1,24,0,7,5,44,5,1,1,0,0,22,0
400.perlbench,400.perlbench_207,1,40,0,9,19,74,2,2,1,0,0,32,0
400.perlbench,400.perlbench_208,1,67,0,19,22,124,3,3,1,0,0,53,0
400.perlbench,400.perlbench_209,1,11,0,2,4,21,1,1,-1,0,0,11,0
400.perlbench,400.perlbench_210,1,78,0,12,20,140,18,4,-1,0,0,100,0
400.perlbench,400.perlbench_211,1,9,0,1,2,15,3,2,-1,0,0,9,0
400.perlbench,400.perlbench_212,1,25,0,4,9,49,4,2,1,0,0,33,0
400.perlbench,400.perlbench_213,1,14,0,3,6,22,3,1,1,0,0,14,0
400.perlbench,400.perlbench_214,1,7,0,3,0,17,0,2,1,0,0,9,0
400.perlbench,400.perlbench_215,1,9,0,1,2,15,3,2,-1,0,0,9,0
400.perlbench,400.perlbench_216,1,21,0,7,2,40,3,3,1,0,0,23,0
400.perlbench,400.perlbench_217,1,10,0,2,4,16,2,1,1,0,0,10,0
400.perlbench,400.perlbench_218,2,27,0,5,3,55,4,4,-1,0,0,39,0
400.perlbench,400.perlbench_219,1,77,0,16,17,130,9,2,-1,0,0,90,0
400.perlbench,400.perlbench_220,2,27,0,5,3,55,4,4,-1,0,0,39,0
400.perlbench,400.perlbench_221,1,45,0,7,12,67,9,2,-1,0,0,46,0
400.perlbench,400.perlbench_222,1,9,0,1,2,15,3,2,-1,0,0,9,0
400.perlbench,400.perlbench_223,1,92,0,27,18,167,11,5,1,0,0,106,0
400.perlbench,400.perlbench_224,1,65,0,19,12,126,4,5,1,0,0,76,0
400.perlbench,400.perlbench_225,1,39,0,11,11,67,5,3,1,217901209,0,43,0
400.perlbench,400.perlbench_226,1,27,0,8,8,46,3,2,1,217901209,0,28,0
400.perlbench,400.perlbench_227,1,4,0,1,1,10,0,0,1,110,0,2,0
400.perlbench,400.perlbench_228,1,3,0,1,1,6,0,0,1,0,0,2,0
400.perlbench,400.perlbench_229,1,42,0,7,23,77,2,2,1,5,0,43,0
400.perlbench,400.perlbench_230,1,11,0,4,1,22,2,1,1,0,0,10,0
400.perlbench,400.perlbench_231,1,0,0,0,0,0,0,0,1,0,0,0,0
400.perlbench,400.perlbench_232,1,12,0,4,2,20,2,2,1,0,0,10,0
400.perlbench,400.perlbench_233,1,13,0,4,1,26,2,1,1,0,0,15,0
400.perlbench,400.perlbench_234,1,0,0,0,0,0,0,0,1,0,0,0,0
400.perlbench,400.perlbench_235,1,7,0,2,2,12,1,1,1,0,0,6,0
400.perlbench,400.perlbench_236,1,4,0,2,0,8,0,1,1,0,0,3,0
400.perlbench,400.perlbench_237,1,4,0,2,0,8,0,1,1,0,0,3,0
400.perlbench,400.perlbench_238,1,4,0,2,0,8,0,1,1,0,0,3,0
400.perlbench,400.perlbench_239,1,0,0,0,0,0,0,0,1,62,0,0,0
400.perlbench,400.perlbench_240,1,0,0,0,0,0,0,0,1,0,0,0,0
400.perlbench,400.perlbench_241,1,0,0,0,0,0,0,0,1,62,0,0,0
400.perlbench,400.perlbench_242,1,0,0,0,0,0,0,0,1,25,0,0,0
400.perlbench,400.perlbench_243,1,0,0,0,0,0,0,0,1,3,0,0,0
400.perlbench,400.perlbench_244,1,0,0,0,0,0,0,0,1,0,0,0,0
400.perlbench,400.perlbench_245,1,0,0,0,0,0,0,0,1,62,0,0,0
400.perlbench,400.perlbench_246,1,43,0,11,9,82,5,2,1,0,0,45,0
400.perlbench,400.perlbench_247,2,72,0,14,42,145,3,2,1,0,0,67,0
400.perlbench,400.perlbench_248,1,9,0,2,6,14,1,0,1,0,0,7,0
400.perlbench,400.perlbench_249,1,61,0,21,14,138,9,7,-1,0,0,41,0
400.perlbench,400.perlbench_250,1,0,0,0,0,0,0,0,1,0,0,0,0
400.perlbench,400.perlbench_251,2,6,0,2,3,10,0,1,-1,0,0,6,0
400.perlbench,400.perlbench_252,1,174,2,48,57,356,11,4,-1,0,0,157,0
400.perlbench,400.perlbench_253,1,2,0,1,0,5,0,0,1,0,0,2,0
400.perlbench,400.perlbench_254,2,10,0,2,5,19,2,1,-1,0,0,10,0
400.perlbench,400.perlbench_255,2,9,0,1,4,20,0,0,3,0,0,12,0
400.perlbench,400.perlbench_256,1,309,0,122,61,627,21,3,1,0,0,224,0
400.perlbench,400.perlbench_257,1,18,0,5,1,42,3,2,1,0,0,15,0
400.perlbench,400.perlbench_258,1,64,0,9,29,139,4,2,1,0,0,68,0
400.perlbench,400.perlbench_259,1,0,0,0,0,0,0,0,1,0,0,0,0
400.perlbench,400.perlbench_260,1,9,1,1,2,14,3,0,1,0,0,12,0
400.perlbench,400.perlbench_261,1,17,0,5,4,37,2,2,1,0,0,18,0
400.perlbench,400.perlbench_262,2,2,0,1,0,3,0,0,1,0,0,1,0
400.perlbench,400.perlbench_263,1,25,0,6,9,42,4,2,1,0,0,25,0
400.perlbench,400.perlbench_264,1,54,0,16,15,88,3,1,1,0,0,31,0
400.perlbench,400.perlbench_265,1,15,0,3,8,26,1,1,353,0,0,14,0
400.perlbench,400.perlbench_266,1,62,0,14,28,124,3,3,-1,0,0,54,0
400.perlbench,400.perlbench_267,1,22,0,7,5,39,3,1,1,0,0,24,0
400.perlbench,400.perlbench_268,1,22,0,3,14,43,1,1,16,0,0,22,0
400.perlbench,400.perlbench_269,1,8,0,2,2,14,2,2,-1,43,0,8,0
400.perlbench,400.perlbench_270,1,166,0,38,49,330,23,4,-1,3893,0,179,0
400.perlbench,400.perlbench_271,2,133,0,23,75,273,10,4,1,0,0,127,0
400.perlbench,400.perlbench_272,1,9,0,2,6,14,1,0,1,0,0,7,0
400.perlbench,400.perlbench_273,1,12,0,3,6,25,1,1,66,0,0,12,0
400.perlbench,400.perlbench_274,1,254,0,49,117,492,24,6,-1,0,0,247,0
400.perlbench,400.perlbench_275,1,4,0,1,3,9,0,0,1,3,0,4,0
400.perlbench,400.perlbench_276,1,8,0,2,2,14,2,2,-1,0,0,8,0
400.perlbench,400.perlbench_277,1,0,0,0,0,0,0,0,1,0,0,0,0
400.perlbench,400.perlbench_278,1,54,0,11,31,111,3,1,-1,0,0,56,0
400.perlbench,400.perlbench_279,1,0,0,0,0,0,0,0,1,0,0,0,0
400.perlbench,400.perlbench_280,1,0,0,0,0,0,0,0,1,0,0,0,0
400.perlbench,400.perlbench_281,1,49,0,9,29,101,3,1,-1,25,0,52,0
400.perlbench,400.perlbench_282,1,0,0,0,0,0,0,0,1,0,0,0,0
400.perlbench,400.perlbench_283,1,0,0,0,0,0,0,0,1,22,0,0,0
400.perlbench,400.perlbench_284,2,30,0,6,17,57,2,1,1,0,0,35,0
400.perlbench,400.perlbench_285,1,15,0,6,6,25,0,1,1,0,0,12,0
400.perlbench,400.perlbench_286,1,0,0,0,0,0,0,0,1,0,0,0,0
400.perlbench,400.perlbench_287,1,0,0,0,0,0,0,0,1,1287,0,0,0
400.perlbench,400.perlbench_288,1,6,0,2,0,12,0,1,1,52306,0,6,0
400.perlbench,400.perlbench_289,2,55,0,7,35,113,6,1,1,1846,0,62,0
400.perlbench,400.perlbench_290,1,11,0,4,6,18,0,1,1,7634,0,11,0
400.perlbench,400.perlbench_291,1,45,0,9,27,95,3,1,-1,0,0,43,0
400.perlbench,400.perlbench_292,2,6,0,2,2,12,0,1,1,0,0,5,0
400.perlbench,400.perlbench_293,1,25,0,4,13,45,3,2,-1,42279,0,25,0
400.perlbench,400.perlbench_294,1,6,0,2,2,12,0,1,1,0,0,5,0
400.perlbench,400.perlbench_295,2,26,1,5,15,54,0,1,-1,3328,0,25,0
400.perlbench,400.perlbench_296,1,7,0,2,4,10,1,0,-1,3370,0,6,0
400.perlbench,400.perlbench_297,1,14,0,4,4,27,1,2,1,0,0,15,0
400.perlbench,400.perlbench_298,2,42,0,11,19,84,0,2,-1,0,0,38,0
400.perlbench,400.perlbench_299,1,4,0,3,0,4,0,0,-1,0,0,1,0
400.perlbench,400.perlbench_300,1,5,0,2,2,10,0,1,-1,0,0,4,0
400.perlbench,400.perlbench_301,1,45,0,9,27,95,3,1,-1,0,0,48,0
400.perlbench,400.perlbench_302,3,0,0,0,0,0,0,0,1,1,0,0,0
400.perlbench,400.perlbench_303,2,89,0,6,57,172,15,1,1,0,0,98,0
400.perlbench,400.perlbench_304,1,3,0,2,1,3,0,0,1,0,0,1,0
400.perlbench,400.perlbench_305,2,28,0,6,16,54,0,1,1,0,0,30,0
400.perlbench,400.perlbench_306,1,27,0,10,7,46,1,2,1,0,0,27,0
400.perlbench,400.perlbench_307,1,0,0,0,0,0,0,0,1,1271,0,0,0
400.perlbench,400.perlbench_308,1,18,0,5,8,37,3,2,1,1006,0,14,0
400.perlbench,400.perlbench_309,1,44,0,11,21,88,1,1,1,5131767,0,38,0
400.perlbench,400.perlbench_310,1,63,0,14,24,124,7,2,-1,15395751,0,64,0
400.perlbench,400.perlbench_311,1,35,0,6,17,65,6,1,1,0,0,34,0
400.perlbench,400.perlbench_312,1,9,0,3,4,19,0,1,-1,20589555,0,8,0
400.perlbench,400.perlbench_313,1,9,0,3,4,19,0,1,-1,6,0,8,0
400.perlbench,400.perlbench_314,1,13,0,4,6,27,0,1,1,48,0,12,0
400.perlbench,400.perlbench_315,1,6,0,2,2,11,1,1,-1,56,0,5,0
400.perlbench,400.perlbench_316,1,87,0,22,32,172,9,4,1,6,0,83,0
400.perlbench,400.perlbench_317,1,60,0,15,26,117,5,3,1,0,0,54,0
400.perlbench,400.perlbench_318,1,42,0,7,13,94,8,3,-1,0,0,44,0
400.perlbench,400.perlbench_319,1,28,0,3,11,56,6,1,1,336,0,29,0
400.perlbench,400.perlbench_320,1,5,0,1,3,7,0,0,1,0,0,4,0
400.perlbench,400.perlbench_321,1,5,0,2,1,10,0,1,-1,21,0,4,0
400.perlbench,400.perlbench_322,1,13,0,3,7,20,1,1,16,0,0,11,0
400.perlbench,400.perlbench_323,1,0,0,0,0,0,0,0,1,0,0,0,0
400.perlbench,400.perlbench_324,1,47,0,5,30,87,2,2,-1,0,0,55,0
400.perlbench,400.perlbench_325,1,10,0,1,4,15,2,0,1,0,0,13,0
400.perlbench,400.perlbench_326,1,4,0,1,3,6,0,0,1,0,0,3,0
400.perlbench,400.perlbench_327,1,90,2,22,23,166,16,3,-1,0,0,84,0
400.perlbench,400.perlbench_328,1,96,2,20,30,173,15,3,-1,1128,0,90,0
400.perlbench,400.perlbench_329,1,84,2,22,23,160,10,5,-1,0,0,78,0
400.perlbench,400.perlbench_330,1,29,0,7,10,49,5,1,1,22,0,27,0
400.perlbench,400.perlbench_331,1,15,0,4,5,23,2,3,1,0,0,14,0
400.perlbench,400.perlbench_332,1,14,0,4,4,22,2,2,1,0,0,12,0
400.perlbench,400.perlbench_333,1,15,0,4,5,23,2,3,1,0,0,14,0
400.perlbench,400.perlbench_334,1,27,0,9,5,51,2,3,-1,877,0,26,0
400.perlbench,400.perlbench_335,1,15,0,4,5,23,2,3,1,0,0,14,0
400.perlbench,400.perlbench_336,1,29,0,7,10,49,5,1,1,71,0,27,0
400.perlbench,400.perlbench_337,1,7,0,2,2,11,1,1,1,0,0,6,0
400.perlbench,400.perlbench_338,1,7,0,2,2,11,1,1,1,26,0,6,0
400.perlbench,400.perlbench_339,2,22,0,5,9,41,2,3,-1,762,0,23,0
400.perlbench,400.perlbench_340,2,17,0,4,8,30,1,2,1,0,0,17,0
400.perlbench,400.perlbench_341,1,96,1,22,33,179,15,4,-1,0,0,111,0
400.perlbench,400.perlbench_342,1,22,0,5,8,38,4,1,1,0,0,21,0
400.perlbench,400.perlbench_343,1,12,2,4,0,24,0,2,-1,0,0,16,0
400.perlbench,400.perlbench_344,1,4,0,1,3,6,0,0,1,4092,0,4,0
400.perlbench,400.perlbench_345,1,4,0,1,2,7,0,0,1,427,0,3,0
400.perlbench,400.perlbench_346,1,3,0,1,0,6,1,1,-1,4091,0,3,0
400.perlbench,400.perlbench_347,1,27,0,7,16,53,0,1,1,329,0,24,0
400.perlbench,400.perlbench_348,1,2,0,1,0,3,0,0,1,68,0,1,0
400.perlbench,400.perlbench_349,1,2,0,1,0,3,0,0,1,5331,0,1,0
400.perlbench,400.perlbench_350,1,2,0,1,0,3,0,0,1,0,0,1,0
400.perlbench,400.perlbench_351,1,8,0,3,2,15,0,1,1,0,0,6,0
400.perlbench,400.perlbench_352,1,9,0,4,2,16,0,1,1,81321,0,6,0
400.perlbench,400.perlbench_353,1,2,0,1,0,3,0,0,1,1,0,1,0
400.perlbench,400.perlbench_354,1,2,0,1,0,3,0,0,1,45,0,1,0
400.perlbench,400.perlbench_355,1,2,0,1,0,3,0,0,1,3,0,1,0
400.perlbench,400.perlbench_356,1,2,0,1,0,3,0,0,1,12,0,1,0
400.perlbench,400.perlbench_357,1,8,0,3,2,15,0,1,1,345,0,6,0
400.perlbench,400.perlbench_358,1,9,0,4,2,16,0,1,1,345,0,6,0
400.perlbench,400.perlbench_359,1,7,0,3,2,13,0,1,1,0,0,5,0
400.perlbench,400.perlbench_360,1,0,0,0,0,0,0,0,1,0,0,0,0
400.perlbench,400.perlbench_361,1,2,0,1,0,4,0,0,1,28,0,1,0
400.perlbench,400.perlbench_362,1,2,0,1,0,4,0,0,1,0,0,1,0
400.perlbench,400.perlbench_363,1,2,0,1,0,4,0,0,1,108,0,1,0
400.perlbench,400.perlbench_364,1,2,0,1,0,4,0,0,1,274,0,1,0
400.perlbench,400.perlbench_365,2,21,0,7,4,37,4,2,1,0,0,19,0
400.perlbench,400.perlbench_366,2,21,0,7,4,41,4,2,1,3414,0,19,0
400.perlbench,400.perlbench_367,1,15,0,4,0,27,2,1,1,66357,0,15,0
400.perlbench,400.perlbench_368,1,2,0,1,0,5,0,0,1,0,0,1,0
400.perlbench,400.perlbench_369,1,176,0,41,85,338,18,2,-1,0,0,161,0
400.perlbench,400.perlbench_370,2,37,0,10,8,67,8,4,1,4828,0,35,0
400.perlbench,400.perlbench_371,2,7,0,2,1,13,1,1,1,0,0,6,0
400.perlbench,400.perlbench_372,1,60,0,17,14,107,12,4,-1,0,0,55,0
400.perlbench,400.perlbench_373,1,7,0,2,1,13,1,1,1,0,0,6,0
400.perlbench,400.perlbench_374,1,41,0,10,16,80,6,1,-1,7,0,38,0
400.perlbench,400.perlbench_375,1,202,0,73,12,385,22,8,1,0,0,223,0
400.perlbench,400.perlbench_376,1,43,0,7,11,92,8,2,1,0,0,53,0
400.perlbench,400.perlbench_377,1,43,0,4,14,75,13,2,1,0,0,57,0
400.perlbench,400.perlbench_378,1,8,0,1,4,13,1,0,1,0,0,11,0
400.perlbench,400.perlbench_379,1,55,0,15,18,93,9,3,257,0,0,63,0
400.perlbench,400.perlbench_380,1,6,0,1,4,9,1,0,1,5,0,7,0
400.perlbench,400.perlbench_381,1,57,0,12,23,93,12,4,1,0,0,67,0
400.perlbench,400.perlbench_382,1,3,0,1,2,5,0,0,257,0,0,3,0
400.perlbench,400.perlbench_383,1,0,0,0,0,0,0,0,1,482,0,0,0
400.perlbench,400.perlbench_384,1,0,0,0,0,0,0,0,1,0,0,0,0
400.perlbench,400.perlbench_385,1,20,0,3,11,42,2,1,1,31,0,21,0
400.perlbench,400.perlbench_386,3,5,0,2,1,31,1,1,-1,0,0,5,0
400.perlbench,400.perlbench_387,2,0,0,0,0,0,0,0,-1,0,0,0,0
400.perlbench,400.perlbench_388,2,1,0,1,0,1,0,0,1,0,0,0,0
400.perlbench,400.perlbench_389,2,9,0,4,0,21,0,2,-1,367,0,9,0
400.perlbench,400.perlbench_390,2,0,0,0,0,0,0,0,1,0,0,0,0
400.perlbench,400.perlbench_391,1,297,0,72,71,643,26,2,-1,0,0,388,0
400.perlbench,400.perlbench_392,1,1,0,1,0,1,0,0,1,738,0,0,0
400.perlbench,400.perlbench_393,1,175,0,33,88,316,32,2,-1,140,0,162,0
400.perlbench,400.perlbench_394,1,14,0,3,6,26,3,2,-1,1,0,13,0
400.perlbench,400.perlbench_395,1,118,0,30,46,227,16,3,-1,11,0,109,0
400.perlbench,400.perlbench_396,1,2,0,1,0,4,0,0,1,0,0,1,0
400.perlbench,400.perlbench_397,1,0,0,0,0,0,0,0,1,0,0,0,0
400.perlbench,400.perlbench_398,2,11,0,4,2,37,0,2,-1,10,0,10,0
400.perlbench,400.perlbench_399,1,735,0,126,326,1406,87,3,-1,0,0,705,0
400.perlbench,400.perlbench_400,1,38,0,12,8,71,4,2,1,0,0,29,0
400.perlbench,400.perlbench_401,1,2,0,1,0,4,0,0,1,12,0,1,0
400.perlbench,400.perlbench_402,1,1,0,1,0,1,0,0,1,6,0,0,0
400.perlbench,400.perlbench_403,1,25,0,7,10,47,3,1,1,0,0,24,0
400.perlbench,400.perlbench_404,1,28,0,4,14,55,3,1,1,0,0,29,0
400.perlbench,400.perlbench_405,1,2,0,1,0,4,0,0,1,0,0,1,0
400.perlbench,400.perlbench_406,2,6,0,2,2,11,1,1,-1,0,0,5,0
400.perlbench,400.perlbench_407,2,95,0,14,51,172,8,3,-1,0,0,98,0
400.perlbench,400.perlbench_408,2,11,0,2,5,19,2,1,1,124,0,9,0
400.perlbench,400.perlbench_409,2,0,0,0,0,0,0,0,1,248,0,0,0
400.perlbench,400.perlbench_410,2,0,0,0,0,0,0,0,1,0,0,0,0
400.perlbench,400.perlbench_411,2,0,0,0,0,0,0,0,1,0,0,0,0
400.perlbench,400.perlbench_412,2,0,0,0,0,0,0,0,1,1301,0,0,0
400.perlbench,400.perlbench_413,1,1508,0,278,775,2937,174,5,-1,5516,0,1425,0
400.perlbench,400.perlbench_414,1,30,0,5,13,56,4,2,1,0,0,28,0
400.perlbench,400.perlbench_415,1,0,0,0,0,0,0,0,1,250,0,0,0
400.perlbench,400.perlbench_416,1,27,0,8,11,46,3,2,1,4086,0,20,0
400.perlbench,400.perlbench_417,1,86,0,16,47,163,8,3,1,36,0,84,0
400.perlbench,400.perlbench_418,1,0,0,0,0,0,0,0,1,0,0,0,0
400.perlbench,400.perlbench_419,1,19,0,5,8,35,1,1,1,0,0,16,0
400.perlbench,400.perlbench_420,1,42,0,8,20,87,4,2,-1,20849,0,41,0
400.perlbench,400.perlbench_421,1,48,0,10,22,100,4,2,-1,67,0,47,0
400.perlbench,400.perlbench_422,1,57,0,14,22,110,7,4,-1,1174,0,56,0
400.perlbench,400.perlbench_423,1,107,0,15,62,197,13,1,-1,123,0,99,0
400.perlbench,400.perlbench_424,2,44,0,12,16,87,5,4,-1,0,0,42,0
400.perlbench,400.perlbench_425,1,38,0,8,18,69,6,2,-1,0,0,34,0
400.perlbench,400.perlbench_426,1,32,0,6,17,62,4,1,1,10,0,31,0
400.perlbench,400.perlbench_427,1,27,0,6,13,52,3,2,1,0,0,26,0
400.perlbench,400.perlbench_428,1,43,0,9,22,85,2,2,1,15,0,38,0
400.perlbench,400.perlbench_429,1,38,0,8,23,66,0,2,1,0,0,36,0
400.perlbench,400.perlbench_430,1,37,0,7,23,65,0,2,1,11,0,36,0
400.perlbench,400.perlbench_431,1,50,0,11,27,90,2,2,1,0,0,48,0
400.perlbench,400.perlbench_432,1,99,0,21,44,189,14,2,1,0,0,106,0
400.perlbench,400.perlbench_433,1,72,0,10,35,129,12,3,1,551,0,78,0
400.perlbench,400.perlbench_434,1,118,0,30,46,204,11,3,-1,11,0,107,0
400.perlbench,400.perlbench_435,1,20,0,3,10,34,2,1,1,20,0,18,0
400.perlbench,400.perlbench_436,1,24,0,5,13,44,3,2,1,1,0,24,0
400.perlbench,400.perlbench_437,1,84,0,17,30,150,13,3,1,1,0,87,0
400.perlbench,400.perlbench_438,1,22,0,5,10,43,2,2,1,0,0,20,0
400.perlbench,400.perlbench_439,1,12,0,1,10,30,0,0,4,0,0,11,0
400.perlbench,400.perlbench_440,1,54,0,8,30,110,4,3,1,0,0,54,0
400.perlbench,400.perlbench_441,1,5,0,2,0,9,0,1,1,0,0,3,0
400.perlbench,400.perlbench_442,1,5,0,1,3,7,0,0,1,0,0,4,0
400.perlbench,400.perlbench_443,1,0,0,0,0,0,0,0,1,0,0,0,0
400.perlbench,400.perlbench_444,1,0,0,0,0,0,0,0,1,1,0,0,0
400.perlbench,400.perlbench_445,1,0,0,0,0,0,0,0,1,235,0,0,0
400.perlbench,400.perlbench_446,1,151,0,31,80,289,8,4,-1,0,0,121,0
400.perlbench,400.perlbench_447,1,0,0,0,0,0,0,0,1,1,0,0,0
400.perlbench,400.perlbench_448,1,0,0,0,0,0,0,0,1,24,0,0,0
400.perlbench,400.perlbench_449,1,0,0,0,0,0,0,0,1,1,0,0,0
400.perlbench,400.perlbench_450,2,0,0,0,0,0,0,0,1,0,0,0,0
400.perlbench,400.perlbench_451,1,29,0,7,14,48,2,4,-1,1,0,29,0
400.perlbench,400.perlbench_452,1,0,0,0,0,0,0,0,1,2,0,0,0
400.perlbench,400.perlbench_453,2,0,0,0,0,0,0,0,1,0,0,0,0
400.perlbench,400.perlbench_454,1,29,0,7,14,48,2,4,-1,0,0,29,0
400.perlbench,400.perlbench_455,1,0,0,0,0,0,0,0,1,0,0,0,0
400.perlbench,400.perlbench_456,1,36,0,8,10,65,5,2,1,0,0,39,0
400.perlbench,400.perlbench_457,3,31,0,4,17,58,1,2,-1,1,0,32,0
400.perlbench,400.perlbench_458,2,211,0,54,68,387,23,4,-1,0,0,168,0
400.perlbench,400.perlbench_459,1,100,0,24,29,202,3,1,-1,0,0,107,0
400.perlbench,400.perlbench_460,1,0,0,0,0,0,0,0,1,2,0,0,0
400.perlbench,400.perlbench_461,1,7,0,1,4,13,0,1,-1,2,0,4,0
400.perlbench,400.perlbench_462,1,9,0,2,1,17,2,1,1,2,0,9,0
400.perlbench,400.perlbench_463,1,7,0,1,4,13,0,1,-1,0,0,4,0
400.perlbench,400.perlbench_464,1,1,0,1,0,1,0,0,1,0,0,0,0
400.perlbench,400.perlbench_465,1,30,0,7,10,51,5,1,1,0,0,28,0
400.perlbench,400.perlbench_466,1,37,0,8,14,62,7,3,1,0,0,36,0
400.perlbench,400.perlbench_467,1,33,0,8,12,54,6,3,1,0,0,31,0
400.perlbench,400.perlbench_468,1,31,0,8,10,52,5,1,1,0,0,28,0
400.perlbench,400.perlbench_469,2,26,0,8,5,47,5,1,1,0,0,23,0
400.perlbench,400.perlbench_470,2,18,0,5,4,34,4,1,1,0,0,17,0
400.perlbench,400.perlbench_471,1,12,0,4,2,16,2,1,1,0,0,9,0
400.perlbench,400.perlbench_472,1,29,0,7,10,49,5,1,1,0,0,27,0
400.perlbench,400.perlbench_473,1,37,0,8,14,62,7,3,1,3,0,36,0
400.perlbench,400.perlbench_474,1,0,0,0,0,0,0,0,1,0,0,0,0
400.perlbench,400.perlbench_475,2,0,0,0,0,0,0,0,1,1,0,0,0
400.perlbench,400.perlbench_476,2,4,0,1,1,9,0,0,1,1,0,5,0
400.perlbench,400.perlbench_477,1,78,0,20,24,167,4,1,1,0,0,68,0
400.perlbench,400.perlbench_478,1,55,0,11,29,102,1,1,1,0,0,45,0
400.perlbench,400.perlbench_479,1,52,0,9,30,99,2,2,-1,1,0,49,0
400.perlbench,400.perlbench_480,1,6,0,2,1,10,1,1,1,0,0,5,0
400.perlbench,400.perlbench_481,2,29,0,8,6,54,6,1,1,0,0,27,0
400.perlbench,400.perlbench_482,2,6,0,2,1,10,1,1,1,0,0,5,0
400.perlbench,400.perlbench_483,2,22,0,5,8,41,4,2,1,0,0,21,0
400.perlbench,400.perlbench_484,2,0,0,0,0,0,0,0,1,0,0,0,0
400.perlbench,400.perlbench_485,1,98,0,29,24,184,11,4,-1,0,0,85,0
400.perlbench,400.perlbench_486,2,5,0,2,2,9,0,1,-1,2,0,4,0
400.perlbench,400.perlbench_487,1,2,0,1,0,2,1,0,-1,10,0,1,0
400.perlbench,400.perlbench_488,1,7,0,3,2,12,0,1,64,1,0,6,0
400.perlbench,400.perlbench_489,1,5,0,2,1,9,0,1,1,0,0,3,0
400.perlbench,400.perlbench_490,1,15,0,3,10,29,0,1,1,63,0,13,0
400.perlbench,400.perlbench_491,1,22,0,3,15,46,0,1,1,0,0,22,0
400.perlbench,400.perlbench_492,3,18,0,3,10,36,0,1,1,0,0,16,0
400.perlbench,400.perlbench_493,2,3,0,2,1,4,0,0,64,2,0,1,0
400.perlbench,400.perlbench_494,1,2,0,1,1,3,0,0,1,0,0,1,0
400.perlbench,400.perlbench_495,2,10,0,4,2,20,0,1,64,0,0,9,0
400.perlbench,400.perlbench_496,1,2,0,1,1,3,0,0,1,0,0,1,0
400.perlbench,400.perlbench_497,1,41,0,8,26,79,0,1,1,0,0,38,0
400.perlbench,400.perlbench_498,1,19,0,3,12,38,1,2,-1,0,0,20,0
400.perlbench,400.perlbench_499,2,22,0,6,5,42,5,1,1,0,0,21,0
400.perlbench,400.perlbench_500,2,28,0,7,7,47,7,3,1,0,0,27,0
400.perlbench,400.perlbench_501,2,22,0,8,5,44,3,2,-1,76,0,19,0
400.perlbench,400.perlbench_502,1,102,0,26,30,184,13,5,-1,0,0,93,0
400.perlbench,400.perlbench_503,1,30,0,9,12,57,0,2,-1,0,0,28,0
400.perlbench,400.perlbench_504,1,8,0,3,0,23,0,1,-1,35,0,8,0
400.perlbench,400.perlbench_505,1,20,0,5,10,38,0,1,-1,0,0,19,0
400.perlbench,400.perlbench_506,1,12,0,1,10,25,0,0,1,0,0,15,0
400.perlbench,400.perlbench_507,1,7,0,2,2,18,0,1,-1,0,0,8,0
400.perlbench,400.perlbench_508,1,15,0,3,10,29,0,1,1,1381,0,14,0
400.perlbench,400.perlbench_509,1,34,0,11,2,73,2,5,-1,0,0,38,0
400.perlbench,400.perlbench_510,2,13,0,4,5,24,0,2,64,0,0,11,0
400.perlbench,400.perlbench_511,1,2,0,1,1,3,0,0,1,0,0,1,0
400.perlbench,400.perlbench_512,1,19,0,4,11,39,1,0,-1,35,0,19,0
400.perlbench,400.perlbench_513,1,2,0,1,0,3,0,0,4,6,0,1,0
400.perlbench,400.perlbench_514,1,2,0,1,0,3,0,0,4,35,0,1,0
400.perlbench,400.perlbench_515,1,9,0,3,2,15,0,1,-1,0,0,5,0
400.perlbench,400.perlbench_516,1,9,0,3,2,15,0,1,-1,0,0,5,0
400.perlbench,400.perlbench_517,1,9,0,3,2,15,0,1,-1,0,0,5,0
400.perlbench,400.perlbench_518,1,0,0,0,0,0,0,0,1,0,0,0,0
400.perlbench,400.perlbench_519,1,29,0,11,3,58,1,3,-1,0,0,23,0
400.perlbench,400.perlbench_520,1,15,0,3,4,30,2,1,-1,0,0,18,0
400.perlbench,400.perlbench_521,1,9,0,3,2,15,0,1,-1,0,0,5,0
400.perlbench,400.perlbench_522,1,4,0,1,2,9,0,1,-1,0,0,4,0
400.perlbench,400.perlbench_523,1,10,0,3,4,20,1,1,-1,1417,0,9,0
400.perlbench,400.perlbench_524,1,16,0,5,3,33,2,3,-1,3271,0,18,0
400.perlbench,400.perlbench_525,1,61,0,11,25,123,4,6,1,71333,0,77,0
400.perlbench,400.perlbench_526,1,7,0,2,2,12,1,1,1,0,0,6,0
400.perlbench,400.perlbench_527,1,12,0,4,4,24,0,2,-1,0,0,11,0
400.perlbench,400.perlbench_528,1,43,0,7,26,82,2,3,-1,0,0,45,0
400.perlbench,400.perlbench_529,2,6,0,2,1,10,1,1,1,1,0,5,0
400.perlbench,400.perlbench_530,2,32,0,2,25,67,0,2,-1,0,0,38,0
400.perlbench,400.perlbench_531,1,16,0,4,5,28,2,2,-1,0,0,16,0
400.perlbench,400.perlbench_532,2,49,0,9,29,93,3,5,-1,0,0,52,0
400.perlbench,400.perlbench_533,1,22,0,5,9,34,0,0,1,0,0,15,0
400.perlbench,400.perlbench_534,3,63,0,17,20,117,8,5,-1,21,0,51,0
400.perlbench,400.perlbench_535,2,1899,0,272,849,3632,383,5,-1,0,0,1787,0
400.perlbench,400.perlbench_536,2,16,0,5,4,33,2,4,-1,60095,0,16,0
400.perlbench,400.perlbench_537,1,211,0,24,50,377,63,6,-1,307,0,252,0
400.perlbench,400.perlbench_538,1,78,0,14,21,148,15,2,1,0,0,83,0
400.perlbench,400.perlbench_539,1,71,0,12,24,138,13,3,1,1614543,0,78,0
400.perlbench,400.perlbench_540,1,15,0,4,3,25,4,1,1,0,0,15,0
400.perlbench,400.perlbench_541,1,23,0,4,11,50,2,1,-1,0,0,24,0
400.perlbench,400.perlbench_542,1,23,0,4,11,50,2,1,-1,1,0,24,0
400.perlbench,400.perlbench_543,1,36,0,11,6,76,3,4,-1,45,0,36,0
400.perlbench,400.perlbench_544,1,12,0,2,6,28,0,1,-1,0,0,14,0
400.perlbench,400.perlbench_545,1,0,0,0,0,0,0,0,1,0,0,0,0
400.perlbench,400.perlbench_546,1,21,0,3,10,33,5,1,1,0,0,27,0
400.perlbench,400.perlbench_547,1,3,0,1,2,5,0,0,257,0,0,2,0
400.perlbench,400.perlbench_548,1,0,0,0,0,0,0,0,1,0,0,0,0
400.perlbench,400.perlbench_549,1,0,0,0,0,0,0,0,1,0,0,0,0
400.perlbench,400.perlbench_550,1,12,0,4,0,24,1,2,-1,0,0,15,0
400.perlbench,400.perlbench_551,1,12,0,3,0,22,2,1,1,0,0,14,0
400.perlbench,400.perlbench_552,1,12,1,4,0,24,1,2,-1,0,0,15,0
400.perlbench,400.perlbench_553,1,9,0,2,5,16,0,1,1,2,0,9,0
400.perlbench,400.perlbench_554,1,0,0,0,0,0,0,0,1,6,0,0,0
400.perlbench,400.perlbench_555,1,0,0,0,0,0,0,0,1,0,0,0,0
400.perlbench,400.perlbench_556,1,57,0,20,4,105,6,2,1,0,0,49,0
400.perlbench,400.perlbench_557,1,6,0,1,2,8,2,0,1,0,0,6,0
400.perlbench,400.perlbench_558,1,4,0,1,2,6,0,0,1,0,0,4,0
400.perlbench,400.perlbench_559,1,12,0,3,2,19,3,1,1,6,0,11,0
400.perlbench,400.perlbench_560,1,27,0,8,6,51,5,2,1,0,0,25,0
400.perlbench,400.perlbench_561,1,19,0,5,5,28,5,2,1,0,0,18,0
400.perlbench,400.perlbench_562,1,51,0,6,27,94,9,2,1,625,0,59,0
400.perlbench,400.perlbench_563,1,19,0,5,5,28,5,2,1,0,0,18,0
400.perlbench,400.perlbench_564,1,54,0,8,27,100,9,3,1,190,0,61,0
400.perlbench,400.perlbench_565,1,31,0,8,9,54,7,3,1,8,0,30,0
400.perlbench,400.perlbench_566,2,0,0,0,0,0,0,0,1,8,0,0,0
400.perlbench,400.perlbench_567,1,63,0,14,25,109,10,5,1,0,0,70,0
400.perlbench,400.perlbench_568,1,48,0,14,16,90,3,3,-1,20,0,44,0
400.perlbench,400.perlbench_569,1,25,0,6,11,42,2,2,1,20,0,21,0
400.perlbench,400.perlbench_570,1,6,0,3,1,13,0,1,1,0,0,6,0
400.perlbench,400.perlbench_571,1,24,0,6,9,42,3,1,1,0,0,23,0
400.perlbench,400.perlbench_572,1,7,0,3,1,14,1,1,1,0,0,7,0
400.perlbench,400.perlbench_573,1,87,0,30,19,174,9,2,-1,0,0,86,0
400.perlbench,400.perlbench_574,1,44,0,13,16,77,3,3,1,0,0,40,0
400.perlbench,400.perlbench_575,1,51,0,10,26,97,3,3,1,0,0,42,0
400.perlbench,400.perlbench_576,1,0,0,0,0,0,0,0,1,0,0,0,0
400.perlbench,400.perlbench_577,1,5,0,1,4,8,0,0,1,755929,0,5,0
400.perlbench,400.perlbench_578,1,4,0,1,2,6,0,0,1,755929,0,3,0
400.perlbench,400.perlbench_579,1,4,0,1,2,6,0,0,1,0,0,3,0
400.perlbench,400.perlbench_580,1,4,0,1,2,6,0,0,1,67,0,3,0
400.perlbench,400.perlbench_581,1,0,0,0,0,0,0,0,1,0,0,0,0
400.perlbench,400.perlbench_582,1,5,0,1,4,8,0,0,1,0,0,5,0
400.perlbench,400.perlbench_583,1,5,0,1,3,8,0,0,1,0,0,5,0
400.perlbench,400.perlbench_584,1,9,0,3,2,18,0,1,1,0,0,8,0
400.perlbench,400.perlbench_585,1,0,0,0,0,0,0,0,1,0,0,0,0
400.perlbench,400.perlbench_586,1,0,0,0,0,0,0,0,1,0,0,0,0
400.perlbench,400.perlbench_587,1,0,0,0,0,0,0,0,1,1,0,0,0
400.perlbench,400.perlbench_588,2,0,0,0,0,0,0,0,1,0,0,0,0
400.perlbench,400.perlbench_589,1,20,0,6,7,33,4,2,-1,0,0,17,0
400.perlbench,400.perlbench_590,1,10,0,4,3,19,0,1,1,0,0,9,0
400.perlbench,400.perlbench_591,1,28,0,8,11,53,1,2,1,1677,0,25,0
400.perlbench,400.perlbench_592,2,53,0,12,12,90,11,2,1,201,0,49,0
400.perlbench,400.perlbench_593,2,52,0,12,12,88,11,2,1,0,0,48,0
400.perlbench,400.perlbench_594,1,33,0,9,7,62,4,3,-1,201,0,35,0
400.perlbench,400.perlbench_595,2,7,0,3,1,11,1,1,1,0,0,5,0
400.perlbench,400.perlbench_596,1,29,0,8,5,55,4,3,-1,0,0,30,0
400.perlbench,400.perlbench_597,2,47,0,11,16,87,6,3,1,0,0,53,0
400.perlbench,400.perlbench_598,1,82,0,17,27,164,9,3,-1,0,0,95,0
400.perlbench,400.perlbench_599,1,49,0,12,10,100,5,2,1,1505376,0,57,0
400.perlbench,400.perlbench_600,2,8,0,3,1,12,2,1,1,1505376,0,7,0
400.perlbench,400.perlbench_601,1,40,0,11,9,74,5,3,-1,1505578,0,43,0
400.perlbench,400.perlbench_602,1,13,0,2,4,19,3,1,1,0,0,12,0
400.perlbench,400.perlbench_603,1,18,0,5,4,34,4,1,1,0,0,17,0
400.perlbench,400.perlbench_604,1,8,0,1,6,14,1,0,1,0,0,8,0
400.perlbench,400.perlbench_605,1,17,0,1,12,27,4,0,1,0,0,18,0
400.perlbench,400.perlbench_606,1,17,0,1,12,27,4,0,1,0,0,18,0
400.perlbench,400.perlbench_607,2,24,0,7,5,44,5,2,1,0,0,24,0
400.perlbench,400.perlbench_608,2,0,0,0,0,0,0,0,1,0,0,0,0
400.perlbench,400.perlbench_609,2,29,0,7,10,54,5,1,1,0,0,27,0
400.perlbench,400.perlbench_610,2,6,0,2,1,10,1,1,1,0,0,5,0
400.perlbench,400.perlbench_611,2,0,0,0,0,0,0,0,1,0,0,0,0
400.perlbench,400.perlbench_612,2,0,0,0,0,0,0,0,1,0,0,0,0
400.perlbench,400.perlbench_613,2,19,0,7,4,34,1,2,-1,0,0,18,0
400.perlbench,400.perlbench_614,2,24,0,7,5,44,5,1,1,0,0,22,0
400.perlbench,400.perlbench_615,2,8,0,3,2,13,1,1,1,0,0,6,0
400.perlbench,400.perlbench_616,2,11,0,2,6,20,1,1,1,0,0,11,0
400.perlbench,400.perlbench_617,2,78,0,14,40,151,4,1,1,0,0,93,0
400.perlbench,400.perlbench_618,2,0,0,0,0,0,0,0,1,0,0,0,0
400.perlbench,400.perlbench_619,2,0,0,0,0,0,0,0,1,0,0,0,0
400.perlbench,400.perlbench_620,2,85,0,26,18,154,15,2,-1,0,0,80,0
400.perlbench,400.perlbench_621,2,11,0,3,3,19,2,2,-1,0,0,10,0
400.perlbench,400.perlbench_622,2,85,0,26,18,154,15,2,-1,0,0,80,0
400.perlbench,400.perlbench_623,2,11,0,3,3,19,2,2,-1,0,0,10,0
400.perlbench,400.perlbench_624,2,11,0,4,2,18,2,2,-1,0,0,9,0
400.perlbench,400.perlbench_625,2,11,0,4,2,18,2,2,-1,0,0,9,0
400.perlbench,400.perlbench_626,2,0,0,0,0,0,0,0,1,0,0,0,0
400.perlbench,400.perlbench_627,1,969,0,180,387,1703,121,6,-1,0,0,985,0
400.perlbench,400.perlbench_628,4,8,0,4,2,27,1,1,-1,0,0,7,0
400.perlbench,400.perlbench_629,3,15,0,4,4,24,1,1,-1,4,0,14,0
400.perlbench,400.perlbench_630,2,85,0,20,19,146,12,3,-1,0,0,92,0
400.perlbench,400.perlbench_631,2,0,0,0,0,0,0,0,1,3204,0,0,0
400.perlbench,400.perlbench_632,2,0,0,0,0,0,0,0,1,22585,0,0,0
400.perlbench,400.perlbench_633,2,0,0,0,0,0,0,0,1,25789,0,0,0
400.perlbench,400.perlbench_634,2,0,0,0,0,0,0,0,1,3288,0,0,0
400.perlbench,400.perlbench_635,2,0,0,0,0,0,0,0,1,44,0,0,0
400.perlbench,400.perlbench_636,2,0,0,0,0,0,0,0,1,0,0,0,0
400.perlbench,400.perlbench_637,2,0,0,0,0,0,0,0,1,3271,0,0,0
400.perlbench,400.perlbench_638,1,255,0,48,68,433,54,2,1,0,0,274,0
400.perlbench,400.perlbench_639,1,16,0,5,3,27,3,1,1,0,0,15,0
400.perlbench,400.perlbench_640,1,0,0,0,0,0,0,0,1,0,0,0,0
400.perlbench,400.perlbench_641,1,0,0,0,0,0,0,0,1,6,0,0,0
400.perlbench,400.perlbench_642,1,13,0,3,7,22,0,1,1,0,0,11,0
400.perlbench,400.perlbench_643,1,0,0,0,0,0,0,0,1,0,0,0,0
400.perlbench,400.perlbench_644,1,0,0,0,0,0,0,0,1,0,0,0,0
400.perlbench,400.perlbench_645,1,0,0,0,0,0,0,0,1,0,0,0,0
400.perlbench,400.perlbench_646,1,30,0,5,12,58,4,3,-1,0,0,33,0
400.perlbench,400.perlbench_647,1,352,0,24,217,693,82,1,1,0,0,345,0
400.perlbench,400.perlbench_648,1,14,0,3,7,26,0,1,-1,2,0,9,0
400.perlbench,400.perlbench_649,1,9,0,2,6,18,0,0,-1,106,0,8,0
400.perlbench,400.perlbench_650,2,6,0,2,2,12,0,1,1,6452723,0,5,0
400.perlbench,400.perlbench_651,1,42,0,7,20,85,3,4,-1,0,0,44,0
400.perlbench,400.perlbench_652,1,6,0,2,3,17,0,0,-1,0,0,5,0
400.perlbench,400.perlbench_653,1,0,0,0,0,0,0,0,1,6448955,0,0,0
400.perlbench,400.perlbench_654,1,14,0,4,5,24,1,1,1,0,0,12,0
400.perlbench,400.perlbench_655,1,13,0,4,5,23,0,2,1,504889,0,11,0
400.perlbench,400.perlbench_656,1,79,0,14,43,159,6,2,-1,0,0,67,0
400.perlbench,400.perlbench_657,1,97,0,17,51,197,10,2,-1,0,0,84,0
400.perlbench,400.perlbench_658,1,5,0,1,2,8,0,0,1,0,0,5,0
400.perlbench,400.perlbench_659,1,9,0,2,5,16,0,1,1,0,0,9,0
400.perlbench,400.perlbench_660,1,53,0,8,38,113,0,1,-1,4,0,54,0
400.perlbench,400.perlbench_661,1,15,0,2,9,25,2,1,-1,0,0,13,0
400.perlbench,400.perlbench_662,1,8,0,2,4,15,1,1,-1,0,0,8,0
400.perlbench,400.perlbench_663,1,95,0,21,45,209,10,2,-1,0,0,100,0
400.perlbench,400.perlbench_664,1,48,0,14,19,92,4,2,-1,0,0,48,0
400.perlbench,400.perlbench_665,1,22,0,5,8,44,4,2,-1,0,0,21,0
400.perlbench,400.perlbench_666,2,51,0,10,27,104,3,2,-1,0,0,47,0
400.perlbench,400.perlbench_667,1,5,0,2,2,7,1,0,-1,0,0,3,0
400.perlbench,400.perlbench_668,1,43,0,7,21,81,5,2,1,34,0,42,0
400.perlbench,400.perlbench_669,1,392,0,69,161,743,36,5,-1,2,0,388,0
400.perlbench,400.perlbench_670,1,12,0,5,1,25,0,2,1,0,0,9,0
400.perlbench,400.perlbench_671,1,12,0,3,6,21,0,1,1,0,0,10,0
400.perlbench,400.perlbench_672,1,12,0,3,6,21,0,1,1,1340280,0,10,0
400.perlbench,400.perlbench_673,4,41,0,12,9,76,9,4,-1,0,0,38,0
400.perlbench,400.perlbench_674,3,151,0,25,74,284,18,4,-1,0,0,146,0
400.perlbench,400.perlbench_675,2,131,0,18,73,247,15,4,-1,0,0,130,0
400.perlbench,400.perlbench_676,1,15,0,2,5,38,1,1,-1,0,0,24,0
400.perlbench,400.perlbench_677,1,12,0,4,3,26,0,2,-1,0,0,13,0
400.perlbench,400.perlbench_678,1,4,0,1,1,9,0,1,-1,0,0,5,0
400.perlbench,400.perlbench_679,1,25,0,7,7,43,3,1,1,0,0,24,0
400.perlbench,400.perlbench_680,1,23,0,4,11,50,2,1,-1,0,0,24,0
400.perlbench,400.perlbench_681,1,23,0,4,11,50,2,1,-1,0,0,24,0
400.perlbench,400.perlbench_682,1,6,0,3,2,10,0,1,1,16533500,0,5,0
400.perlbench,400.perlbench_683,2,43,0,14,10,89,1,1,1,0,0,43,0
400.perlbench,400.perlbench_684,2,20,0,6,5,41,0,1,1,0,0,20,0
400.perlbench,400.perlbench_685,1,88,0,26,20,176,9,3,1,5627718,0,89,0
400.perlbench,400.perlbench_686,1,8,0,3,3,14,0,1,1,0,0,6,0
400.perlbench,400.perlbench_687,1,37,0,7,16,73,1,1,1,2565556,0,33,0
400.perlbench,400.perlbench_688,1,3,0,1,2,5,0,0,1,0,0,2,0
400.perlbench,400.perlbench_689,2,79,0,12,41,149,8,3,-1,1033685,0,92,0
400.perlbench,400.perlbench_690,1,335,0,64,138,659,31,6,-1,0,0,357,0
400.perlbench,400.perlbench_691,1,12,0,3,6,21,0,1,1,0,0,10,0
400.perlbench,400.perlbench_692,1,85,0,14,27,166,15,1,-1,0,0,106,0
400.perlbench,400.perlbench_693,1,0,0,0,0,0,0,0,1,0,0,0,0
400.perlbench,400.perlbench_694,1,45,0,7,17,83,9,1,-1,752692,0,54,0
400.perlbench,400.perlbench_695,1,260,0,57,94,531,18,3,-1,1504774,0,268,0
400.perlbench,400.perlbench_696,1,12,0,3,6,21,0,1,1,0,0,10,0
400.perlbench,400.perlbench_697,1,43,0,9,22,71,2,1,1,0,0,36,0
400.perlbench,400.perlbench_698,1,12,0,3,6,21,0,1,1,0,0,10,0
400.perlbench,400.perlbench_699,1,34,0,6,18,57,2,1,-1,0,0,29,0
400.perlbench,400.perlbench_700,1,9,0,2,5,16,0,1,1,0,0,9,0
400.perlbench,400.perlbench_701,1,24,0,4,12,52,2,1,-1,0,0,26,0
400.perlbench,400.perlbench_702,1,23,0,7,6,41,3,1,1,0,0,25,0
400.perlbench,400.perlbench_703,3,7,0,1,4,12,2,0,66,1,0,7,0
400.perlbench,400.perlbench_704,4,106,0,23,31,188,24,4,1,1,0,106,0
400.perlbench,400.perlbench_705,3,46,0,12,15,80,7,5,1,2,0,42,0
400.perlbench,400.perlbench_706,3,14,1,3,5,28,1,1,1,0,0,15,0
400.perlbench,400.perlbench_707,3,14,1,3,5,28,1,1,1,0,0,15,0
400.perlbench,400.perlbench_708,3,16,1,3,5,30,3,1,1,0,0,17,0
400.perlbench,400.perlbench_709,3,32,1,9,8,57,3,3,1,0,0,33,0
400.perlbench,400.perlbench_710,3,35,1,10,9,63,3,4,1,0,0,36,0
400.perlbench,400.perlbench_711,4,11,0,1,3,19,3,1,-1,0,0,12,0
400.perlbench,400.perlbench_712,4,0,0,0,0,0,0,0,1,0,0,0,0
400.perlbench,400.perlbench_713,3,70,0,14,18,126,7,4,1,0,0,73,0
400.perlbench,400.perlbench_714,3,0,0,0,0,0,0,0,1,0,0,0,0
400.perlbench,400.perlbench_715,3,39,1,10,10,69,6,3,1,0,0,41,0
400.perlbench,400.perlbench_716,3,23,1,6,6,43,2,2,1,0,0,25,0
400.perlbench,400.perlbench_717,3,25,1,6,6,45,4,2,1,0,0,27,0
400.perlbench,400.perlbench_718,3,23,1,6,6,43,2,2,1,0,0,25,0
400.perlbench,400.perlbench_719,3,23,1,6,6,43,2,2,1,0,0,25,0
400.perlbench,400.perlbench_720,3,23,1,6,6,43,2,2,1,0,0,25,0
400.perlbench,400.perlbench_721,3,25,1,6,6,45,4,2,1,0,0,27,0
400.perlbench,400.perlbench_722,3,25,1,6,6,45,4,2,1,0,0,27,0
400.perlbench,400.perlbench_723,3,37,1,10,10,67,4,3,1,0,0,39,0
400.perlbench,400.perlbench_724,3,25,1,6,6,45,4,2,1,0,0,27,0
400.perlbench,400.perlbench_725,3,79,1,15,32,143,9,4,1,0,0,77,0
400.perlbench,400.perlbench_726,3,0,0,0,0,0,0,0,1,0,0,0,0
400.perlbench,400.perlbench_727,3,33,1,8,11,54,4,3,1,0,0,35,0
400.perlbench,400.perlbench_728,3,20,0,4,7,33,4,1,1,0,0,20,0
400.perlbench,400.perlbench_729,3,19,0,4,7,31,3,1,1,0,0,19,0
400.perlbench,400.perlbench_730,3,19,0,4,4,32,4,1,1,0,0,19,0
400.perlbench,400.perlbench_731,3,17,0,4,4,29,3,1,1,0,0,17,0
400.perlbench,400.perlbench_732,3,81,0,17,32,137,8,1,256,0,0,80,0
400.perlbench,400.perlbench_733,3,0,0,0,0,0,0,0,1,0,0,0,0
400.perlbench,400.perlbench_734,3,5,0,2,0,10,0,1,1,0,0,4,0
400.perlbench,400.perlbench_735,3,5,0,2,0,10,0,1,1,0,0,4,0
400.perlbench,400.perlbench_736,3,29,0,9,6,53,5,2,1,0,0,26,0
400.perlbench,400.perlbench_737,3,0,0,0,0,0,0,0,1,0,0,0,0
400.perlbench,400.perlbench_738,3,15,1,3,5,23,3,1,1,0,0,16,0
400.perlbench,400.perlbench_739,3,28,0,5,16,60,0,2,-1,0,0,27,0
400.perlbench,400.perlbench_740,3,0,0,0,0,0,0,0,1,0,0,0,0
400.perlbench,400.perlbench_741,3,0,0,0,0,0,0,0,1,0,0,0,0
400.perlbench,400.perlbench_742,2,970,2,196,179,1996,127,8,-1,0,0,1199,0
400.perlbench,400.perlbench_743,1,46,0,11,7,78,7,2,-1,0,0,39,0
400.perlbench,400.perlbench_744,2,8,0,3,2,11,2,1,1,4,0,7,0
400.perlbench,400.perlbench_745,2,141,0,31,63,275,7,3,1,0,0,132,0
400.perlbench,400.perlbench_746,2,29,0,9,8,53,1,2,1,0,0,27,0
400.perlbench,400.perlbench_747,2,29,0,9,8,53,1,2,1,0,0,27,0
400.perlbench,400.perlbench_748,2,29,0,9,8,53,1,2,1,0,0,27,0
400.perlbench,400.perlbench_749,2,29,0,9,8,53,1,2,1,0,0,27,0
400.perlbench,400.perlbench_750,2,29,0,9,8,53,1,2,1,0,0,27,0
400.perlbench,400.perlbench_751,2,29,0,9,8,53,1,2,1,0,0,27,0
400.perlbench,400.perlbench_752,2,29,0,9,8,53,1,2,1,0,0,27,0
400.perlbench,400.perlbench_753,2,29,0,9,8,53,1,2,1,0,0,27,0
400.perlbench,400.perlbench_754,2,29,0,9,8,53,1,2,1,0,0,27,0
400.perlbench,400.perlbench_755,3,0,0,0,0,0,0,0,1,0,0,0,0
400.perlbench,400.perlbench_756,3,11,2,1,4,17,3,0,-1,0,0,13,0
400.perlbench,400.perlbench_757,3,0,0,0,0,0,0,0,1,0,0,0,0
400.perlbench,400.perlbench_758,3,0,0,0,0,0,0,0,1,0,0,0,0
400.perlbench,400.perlbench_759,2,207,2,35,83,385,24,4,-1,0,0,219,0
400.perlbench,400.perlbench_760,2,29,0,9,8,53,1,2,1,0,0,27,0
400.perlbench,400.perlbench_761,2,29,0,9,8,53,1,2,1,0,0,27,0
400.perlbench,400.perlbench_762,2,29,0,9,8,53,1,2,1,0,0,27,0
400.perlbench,400.perlbench_763,2,29,0,9,8,53,1,2,1,0,0,27,0
400.perlbench,400.perlbench_764,2,29,0,9,8,53,1,2,1,0,0,27,0
400.perlbench,400.perlbench_765,2,29,0,9,8,53,1,2,1,0,0,27,0
400.perlbench,400.perlbench_766,2,29,0,9,8,53,1,2,1,0,0,27,0
400.perlbench,400.perlbench_767,2,29,0,9,8,53,1,2,1,0,0,27,0
400.perlbench,400.perlbench_768,2,29,0,9,8,53,1,2,1,0,0,27,0
400.perlbench,400.perlbench_769,2,29,0,9,8,53,1,2,1,0,0,27,0
400.perlbench,400.perlbench_770,2,116,0,19,57,211,12,4,1,0,0,103,0
400.perlbench,400.perlbench_771,2,156,0,33,68,299,12,4,1,0,0,140,0
400.perlbench,400.perlbench_772,2,46,0,9,12,79,10,3,1,0,0,48,0
400.perlbench,400.perlbench_773,2,44,0,9,12,75,8,3,1,0,0,46,0
400.perlbench,400.perlbench_774,2,0,0,0,0,0,0,0,1,0,0,0,0
400.perlbench,400.perlbench_775,2,21,0,5,6,37,3,1,1,0,0,21,0
400.perlbench,400.perlbench_776,2,17,0,3,6,29,3,1,1,0,0,18,0
400.perlbench,400.perlbench_777,2,0,0,0,0,0,0,0,1,0,0,0,0
400.perlbench,400.perlbench_778,2,0,0,0,0,0,0,0,1,0,0,0,0
400.perlbench,400.perlbench_779,2,0,0,0,0,0,0,0,1,0,0,0,0
400.perlbench,400.perlbench_780,2,11,0,2,6,28,0,1,-1,0,0,11,0
400.perlbench,400.perlbench_781,2,0,0,0,0,0,0,0,1,0,0,0,0
400.perlbench,400.perlbench_782,1,862,0,186,264,1629,82,7,-1,0,0,808,0
400.perlbench,400.perlbench_783,2,6,0,2,1,10,1,1,1,0,0,5,0
400.perlbench,400.perlbench_784,1,36,0,12,9,61,6,2,-1,0,0,33,0
400.perlbench,400.perlbench_785,1,73,0,17,26,149,5,2,-1,0,0,63,0
400.perlbench,400.perlbench_786,2,6,0,2,1,10,1,1,1,0,0,5,0
400.perlbench,400.perlbench_787,1,100,0,23,40,185,10,3,-1,0,0,87,0
400.perlbench,400.perlbench_788,1,15,0,7,4,51,1,1,-1,0,0,13,0
400.perlbench,400.perlbench_789,1,11,0,2,2,20,2,1,1,0,0,10,0
400.perlbench,400.perlbench_790,1,0,0,0,0,0,0,0,1,0,0,0,0
400.perlbench,400.perlbench_791,2,6,0,2,1,10,1,1,1,0,0,5,0
400.perlbench,400.perlbench_792,1,47,0,19,4,85,10,1,-1,0,0,39,0
400.perlbench,400.perlbench_793,1,8,0,3,1,15,1,2,-1,2306,0,7,0
400.perlbench,400.perlbench_794,1,100,0,26,29,257,11,3,-1,584,0,97,0
400.perlbench,400.perlbench_795,1,0,0,0,0,0,0,0,1,0,0,0,0
400.perlbench,400.perlbench_796,1,0,0,0,0,0,0,0,1,44,0,0,0
400.perlbench,400.perlbench_797,4,12,0,5,2,22,0,2,-1,0,0,13,0
400.perlbench,400.perlbench_798,4,15,0,3,4,26,2,1,1,88,0,18,0
400.perlbench,400.perlbench_799,4,0,0,0,0,0,0,0,1,0,0,0,0
400.perlbench,400.perlbench_800,4,0,0,0,0,0,0,0,1,0,0,0,0
400.perlbench,400.perlbench_801,3,56,0,18,14,92,0,4,1,0,0,59,0
400.perlbench,400.perlbench_802,3,0,0,0,0,0,0,0,1,0,0,0,0
400.perlbench,400.perlbench_803,3,0,0,0,0,0,0,0,1,0,0,0,0
400.perlbench,400.perlbench_804,2,32,0,9,3,49,7,2,-1,0,0,33,0
400.perlbench,400.perlbench_805,2,0,0,0,0,0,0,0,1,0,0,0,0
400.perlbench,400.perlbench_806,2,0,0,0,0,0,0,0,1,0,0,0,0
400.perlbench,400.perlbench_807,2,0,0,0,0,0,0,0,1,0,0,0,0
400.perlbench,400.perlbench_808,1,79,0,14,24,131,14,2,-1,0,0,86,0
400.perlbench,400.perlbench_809,2,0,0,0,0,0,0,0,1,1522,0,0,0
400.perlbench,400.perlbench_810,1,14,0,3,6,23,2,1,1,0,0,15,0
400.perlbench,400.perlbench_811,1,0,0,0,0,0,0,0,1,1522,0,0,0
400.perlbench,400.perlbench_812,1,16,0,5,4,31,1,1,1,0,0,16,0
400.perlbench,400.perlbench_813,1,6,0,1,4,10,0,0,1,0,0,8,0
400.perlbench,400.perlbench_814,1,0,0,0,0,0,0,0,1,0,0,0,0
400.perlbench,400.perlbench_815,1,40,0,10,16,75,0,1,1,0,0,41,0
400.perlbench,400.perlbench_816,1,10,0,4,3,19,0,1,1,0,0,9,0
400.perlbench,400.perlbench_817,1,0,0,0,0,0,0,0,1,0,0,0,0
400.perlbench,400.perlbench_818,1,0,0,0,0,0,0,0,1,0,0,0,0
400.perlbench,400.perlbench_819,1,0,0,0,0,0,0,0,1,0,0,0,0
400.perlbench,400.perlbench_820,3,8,0,2,4,15,0,1,-1,0,0,8,0
400.perlbench,400.perlbench_821,3,6,0,1,4,10,0,0,1,0,0,6,0
400.perlbench,400.perlbench_822,2,20,0,7,4,29,3,1,1,0,0,17,0
400.perlbench,400.perlbench_823,3,34,0,7,12,58,6,3,-1,1,0,35,0
400.perlbench,400.perlbench_824,3,34,0,7,12,58,6,3,-1,0,0,35,0
400.perlbench,400.perlbench_825,2,140,0,19,48,219,24,2,1,0,0,155,0
400.perlbench,400.perlbench_826,1,370,0,57,140,645,65,3,-1,0,0,413,0
400.perlbench,400.perlbench_827,1,0,0,0,0,0,0,0,1,0,0,0,0
400.perlbench,400.perlbench_828,2,8,0,2,2,14,1,2,-1,0,0,9,0
400.perlbench,400.perlbench_829,3,6,0,2,1,12,0,1,1,0,0,7,0
400.perlbench,400.perlbench_830,3,10,0,2,3,18,1,2,1,0,0,11,0
400.perlbench,400.perlbench_831,3,0,0,0,0,0,0,0,1,0,0,0,0
400.perlbench,400.perlbench_832,3,16,0,3,10,28,1,1,1,0,0,17,0
400.perlbench,400.perlbench_833,2,72,0,20,12,140,5,5,1,0,0,99,0
400.perlbench,400.perlbench_834,1,8,0,4,1,10,0,0,1,0,0,5,0
400.perlbench,400.perlbench_835,1,0,0,0,0,0,0,0,1,0,0,0,0
400.perlbench,400.perlbench_836,1,0,0,0,0,0,0,0,1,0,0,0,0
400.perlbench,400.perlbench_837,1,60,0,6,32,114,9,3,1,0,0,63,0
400.perlbench,400.perlbench_838,1,0,0,0,0,0,0,0,1,0,0,0,0
400.perlbench,400.perlbench_839,1,0,0,0,0,0,0,0,1,0,0,0,0
400.perlbench,400.perlbench_840,1,15,0,5,6,28,0,1,4,0,0,14,0
400.perlbench,400.perlbench_841,2,0,0,0,0,0,0,0,1,0,0,0,0
400.perlbench,400.perlbench_842,1,70,0,12,38,130,10,3,4,0,0,72,0
400.perlbench,400.perlbench_843,1,21,0,5,10,37,2,2,4,0,0,22,0
400.perlbench,400.perlbench_844,2,18,0,4,6,33,2,2,-1,0,0,21,0
400.perlbench,400.perlbench_845,1,181,0,26,71,334,29,6,-1,0,0,199,0
400.perlbench,400.perlbench_846,1,3,0,1,0,8,0,1,-1,0,0,3,0
400.perlbench,400.perlbench_847,2,11,0,3,4,19,2,2,-1,0,0,12,0
400.perlbench,400.perlbench_848,1,70,0,22,15,123,13,4,-1,0,0,72,0
400.perlbench,400.perlbench_849,1,10,0,2,4,16,1,2,1,0,0,10,0
400.perlbench,400.perlbench_850,1,10,0,2,4,16,1,2,1,0,0,10,0
400.perlbench,400.perlbench_851,1,11,0,4,2,18,0,2,1,0,0,6,0
400.perlbench,400.perlbench_852,1,11,0,4,2,18,0,2,1,0,0,6,0
400.perlbench,400.perlbench_853,1,11,0,1,3,21,4,1,-1,0,0,14,0
400.perlbench,400.perlbench_854,1,6,0,2,1,10,0,1,1,0,0,4,0
400.perlbench,400.perlbench_855,1,4,0,1,1,7,0,1,-1,4,0,3,0
400.perlbench,400.perlbench_856,1,20,0,4,10,35,1,2,-1,2,0,18,0
400.perlbench,400.perlbench_857,1,20,0,4,10,35,1,2,-1,0,0,18,0
400.perlbench,400.perlbench_858,1,11,0,3,6,24,0,1,6,169,0,10,0
400.perlbench,400.perlbench_859,1,0,0,0,0,0,0,0,7,86,0,0,0
400.perlbench,400.perlbench_860,1,127,0,21,66,233,16,2,-1,70,0,126,0
400.perlbench,400.perlbench_861,1,67,0,12,31,123,12,3,1,0,0,67,0
400.perlbench,400.perlbench_862,1,2,0,1,0,5,0,0,1,7,0,2,0
400.perlbench,400.perlbench_863,1,36,0,8,14,81,0,2,-1,0,0,31,0
400.perlbench,400.perlbench_864,2,194,0,32,92,380,20,2,1,159,0,182,0
400.perlbench,400.perlbench_865,1,5,0,1,2,8,1,1,1,0,0,5,0
400.perlbench,400.perlbench_866,1,8,0,2,3,14,1,1,1,0,0,6,0
400.perlbench,400.perlbench_867,1,38,0,11,11,68,5,2,1,0,0,33,0
400.perlbench,400.perlbench_868,1,8,0,2,3,14,1,1,1,30,0,6,0
400.perlbench,400.perlbench_869,3,131,0,15,57,239,32,5,-1,14,0,142,0
400.perlbench,400.perlbench_870,3,30,0,8,8,58,4,2,1,0,0,32,0
400.perlbench,400.perlbench_871,3,31,0,6,10,65,5,3,1,0,0,37,0
400.perlbench,400.perlbench_872,3,7,0,2,2,13,1,1,1,2,0,6,0
400.perlbench,400.perlbench_873,3,7,0,2,2,13,1,1,1,0,0,6,0
400.perlbench,400.perlbench_874,3,104,0,28,36,219,2,4,-1,0,0,103,0
400.perlbench,400.perlbench_875,2,1239,0,247,496,2429,123,7,-1,1,0,1217,0
400.perlbench,400.perlbench_876,2,21,0,4,6,39,6,2,257,0,0,21,0
400.perlbench,400.perlbench_877,2,22,0,4,6,41,6,2,257,28,0,22,0
400.perlbench,400.perlbench_878,2,21,0,4,6,39,6,2,257,362,0,21,0
400.perlbench,400.perlbench_879,2,22,0,4,6,41,6,2,257,0,0,22,0
400.perlbench,400.perlbench_880,2,28,0,7,6,56,6,1,257,26,0,28,0
400.perlbench,400.perlbench_881,2,27,0,7,6,54,6,1,257,1,0,27,0
400.perlbench,400.perlbench_882,2,28,0,7,6,56,6,1,257,0,0,28,0
400.perlbench,400.perlbench_883,2,27,0,7,6,54,6,1,257,5,0,27,0
400.perlbench,400.perlbench_884,2,28,0,7,6,56,6,1,257,0,0,28,0
400.perlbench,400.perlbench_885,2,31,0,9,6,64,6,3,257,768,0,31,0
400.perlbench,400.perlbench_886,2,32,0,9,6,66,6,3,257,0,0,32,0
400.perlbench,400.perlbench_887,2,31,0,9,6,64,6,3,257,512,0,31,0
400.perlbench,400.perlbench_888,2,32,0,9,6,66,6,3,257,0,0,32,0
400.perlbench,400.perlbench_889,1,1418,0,251,581,2715,197,6,-1,25,0,1353,0
400.perlbench,400.perlbench_890,1,27,0,3,6,53,8,1,-1,258,0,28,0
400.perlbench,400.perlbench_891,1,92,0,17,53,179,8,2,-1,80,0,77,0
400.perlbench,400.perlbench_892,1,10,0,3,2,24,1,1,1,416,0,9,0
400.perlbench,400.perlbench_893,2,8,0,1,5,15,1,1,-1,0,0,8,0
400.perlbench,400.perlbench_894,2,6,0,1,4,13,0,1,-1,281,0,5,0
400.perlbench,400.perlbench_895,1,70,0,16,36,126,8,2,-1,281,0,54,0
400.perlbench,400.perlbench_896,1,0,0,0,0,0,0,0,1,12,0,0,0
400.perlbench,400.perlbench_897,2,24,0,5,9,47,2,2,-1,44,0,22,0
400.perlbench,400.perlbench_898,1,25,0,6,9,45,0,1,-1,88,0,23,0
400.perlbench,400.perlbench_899,1,94,0,10,46,176,14,3,-1,164,0,89,0
400.perlbench,400.perlbench_900,1,18,0,7,3,31,3,3,-1,1950,0,15,0
400.perlbench,400.perlbench_901,1,17,0,4,8,32,0,2,-1,190,0,22,0
400.perlbench,400.perlbench_902,2,17,0,4,8,32,0,2,-1,2,0,22,0
400.perlbench,400.perlbench_903,1,327,0,80,117,712,31,8,-1,0,0,330,0
400.perlbench,400.perlbench_904,1,8,0,2,3,14,1,1,1,42,0,6,0
400.perlbench,400.perlbench_905,2,8,0,2,3,14,1,1,1,1552,0,6,0
400.perlbench,400.perlbench_906,1,28,0,8,11,59,0,3,-1,9,0,21,0
400.perlbench,400.perlbench_907,1,6,0,2,1,10,1,1,1,0,0,5,0
400.perlbench,400.perlbench_908,1,6,0,2,1,10,1,1,1,0,0,5,0
400.perlbench,400.perlbench_909,1,9,0,1,4,15,3,0,33,0,0,10,0
400.perlbench,400.perlbench_910,1,34,0,5,9,61,12,1,257,0,0,37,0
400.perlbench,400.perlbench_911,1,14,0,1,4,24,6,0,1,21,0,16,0
400.perlbench,400.perlbench_912,1,29,0,9,4,60,6,3,257,0,0,30,0
400.perlbench,400.perlbench_913,1,29,0,9,4,60,6,3,257,0,0,30,0
400.perlbench,400.perlbench_914,1,27,0,8,4,55,6,2,257,0,0,28,0
400.perlbench,400.perlbench_915,1,27,0,8,4,55,6,2,257,0,0,28,0
400.perlbench,400.perlbench_916,1,23,0,6,4,45,6,2,257,0,0,24,0
400.perlbench,400.perlbench_917,1,23,0,6,4,45,6,2,257,0,0,24,0
400.perlbench,400.perlbench_918,1,14,0,1,4,24,6,0,129,0,0,16,0
400.perlbench,400.perlbench_919,1,14,0,1,4,24,6,0,129,0,0,16,0
400.perlbench,400.perlbench_920,1,19,0,4,4,35,6,1,257,0,0,20,0
400.perlbench,400.perlbench_921,1,19,0,4,4,35,6,1,257,0,0,20,0
400.perlbench,400.perlbench_922,1,19,0,4,4,35,6,2,257,0,0,20,0
400.perlbench,400.perlbench_923,1,19,0,4,4,35,6,2,257,0,0,20,0
400.perlbench,400.perlbench_924,1,14,0,1,4,24,6,0,11,0,0,16,0
400.perlbench,400.perlbench_925,1,14,0,1,4,24,6,0,199,0,0,16,0
400.perlbench,400.perlbench_926,1,14,0,1,4,24,6,0,49,0,0,16,0
400.perlbench,400.perlbench_927,1,45,0,17,4,100,6,3,257,0,0,46,0
400.perlbench,400.perlbench_928,1,45,0,17,4,100,6,3,257,0,0,46,0
400.perlbench,400.perlbench_929,1,19,0,4,4,35,6,2,257,4,0,20,0
400.perlbench,400.perlbench_930,1,19,0,4,4,35,6,2,257,0,0,20,0
400.perlbench,400.perlbench_931,1,21,0,5,4,40,6,3,257,0,0,22,0
400.perlbench,400.perlbench_932,1,21,0,5,4,40,6,3,257,0,0,22,0
400.perlbench,400.perlbench_933,1,27,0,8,4,55,6,1,257,0,0,28,0
400.perlbench,400.perlbench_934,1,27,0,8,4,55,6,1,257,0,0,28,0
400.perlbench,400.perlbench_935,1,31,0,10,4,65,6,2,257,0,0,32,0
400.perlbench,400.perlbench_936,1,31,0,10,4,65,6,2,257,0,0,32,0
400.perlbench,400.perlbench_937,1,25,0,7,4,50,6,1,257,0,0,26,0
400.perlbench,400.perlbench_938,1,25,0,7,4,50,6,1,257,0,0,26,0
400.perlbench,400.perlbench_939,1,19,0,4,4,35,6,2,257,0,0,20,0
400.perlbench,400.perlbench_940,1,19,0,4,4,35,6,2,257,166,0,20,0
400.perlbench,400.perlbench_941,1,27,0,8,4,55,6,2,257,52,0,28,0
400.perlbench,400.perlbench_942,1,27,0,8,4,55,6,2,257,44,0,28,0
400.perlbench,400.perlbench_943,1,26,0,5,12,50,4,1,1,26,0,21,0
400.perlbench,400.perlbench_944,1,34,0,5,20,66,4,1,1,40,0,33,0
400.perlbench,400.perlbench_945,1,26,0,5,12,50,4,1,1,0,0,21,0
400.perlbench,400.perlbench_946,2,6,0,2,1,10,1,2,1,0,0,5,0
400.perlbench,400.perlbench_947,1,30,0,10,7,49,6,1,-1,0,0,26,0
400.perlbench,400.perlbench_948,1,10,0,2,5,18,1,1,1,28,0,9,0
400.perlbench,400.perlbench_949,1,32,0,9,7,57,7,3,1,69,0,30,0
400.perlbench,400.perlbench_950,1,8,0,2,3,14,1,1,1,0,0,6,0
400.perlbench,400.perlbench_951,1,9,0,2,3,15,2,1,1,34,0,8,0
400.perlbench,400.perlbench_952,1,13,0,1,7,24,3,0,33,0,0,14,0
400.perlbench,400.perlbench_953,1,12,0,1,7,22,3,0,5,0,0,13,0
400.perlbench,400.perlbench_954,1,12,0,1,7,22,3,0,33,0,0,13,0
400.perlbench,400.perlbench_955,1,13,0,1,7,24,3,0,33,0,0,14,0
400.perlbench,400.perlbench_956,1,12,0,1,7,22,3,0,33,0,0,13,0
400.perlbench,400.perlbench_957,1,9,0,3,2,18,1,2,-1,0,0,8,0
400.perlbench,400.perlbench_958,2,7,0,2,1,11,2,1,1,0,0,7,0
400.perlbench,400.perlbench_959,1,18,0,4,5,29,5,2,-1,752692,0,18,0
400.perlbench,400.perlbench_960,2,7,0,2,1,11,2,1,1,131407972,0,7,0
400.perlbench,400.perlbench_961,1,12,0,4,2,21,2,2,-1,0,0,11,0
400.perlbench,400.perlbench_962,2,3,0,1,0,8,0,1,-1,12280,0,3,0
400.perlbench,400.perlbench_963,2,3,0,1,0,8,0,1,-1,0,0,3,0
400.perlbench,400.perlbench_964,1,138,0,40,24,253,19,3,-1,144269402,0,136,0
400.perlbench,400.perlbench_965,1,2,0,1,0,5,0,1,-1,0,0,3,0
400.perlbench,400.perlbench_966,1,1,0,1,0,1,0,0,-1,0,0,0,0
400.perlbench,400.perlbench_967,1,4,0,1,1,7,1,1,-1,212,0,4,0
400.perlbench,400.perlbench_968,1,348,0,66,159,707,37,5,-1,2,0,336,0
400.perlbench,400.perlbench_969,1,4,0,2,0,8,0,1,1,0,0,3,0
400.perlbench,400.perlbench_970,2,12,0,4,2,20,2,2,1,0,0,10,0
400.perlbench,400.perlbench_971,1,13,0,5,2,22,1,2,1,0,0,11,0
400.perlbench,400.perlbench_972,1,4,0,2,0,8,0,1,1,0,0,3,0
400.perlbench,400.perlbench_973,2,12,0,4,2,20,2,2,1,0,0,10,0
400.perlbench,400.perlbench_974,1,13,0,5,2,22,1,2,-1,0,0,11,0
400.perlbench,400.perlbench_975,1,50,0,12,10,101,12,2,-1,0,0,46,0
400.perlbench,400.perlbench_976,1,102,0,24,27,197,21,5,-1,0,0,90,0
400.perlbench,400.perlbench_977,1,8,0,4,0,19,0,1,-1,0,0,6,0
400.perlbench,400.perlbench_978,1,95,0,20,31,210,10,2,-1,0,0,102,0
400.perlbench,400.perlbench_979,1,104,0,24,31,229,11,2,-1,0,0,111,0
400.perlbench,400.perlbench_980,1,24,0,7,3,55,4,2,-1,0,0,27,0
400.perlbench,400.perlbench_981,1,28,0,8,4,62,5,2,-1,0,0,32,0
400.perlbench,400.perlbench_982,1,0,0,0,0,0,0,0,1,0,0,0,0
400.perlbench,400.perlbench_983,1,56,0,14,6,107,9,3,-1,0,0,51,0
400.perlbench,400.perlbench_984,1,76,0,18,15,131,17,4,-1,0,0,70,0
400.perlbench,400.perlbench_985,1,57,0,15,6,108,9,3,-1,0,0,51,0
400.perlbench,400.perlbench_986,1,77,0,19,15,132,17,4,-1,779,0,70,0
400.perlbench,400.perlbench_987,1,14,0,7,1,31,0,1,-1,0,0,11,0
400.perlbench,400.perlbench_988,1,38,0,13,7,70,7,4,-1,0,0,34,0
400.perlbench,400.perlbench_989,1,36,0,11,3,76,4,3,-1,233602266,0,32,0
400.perlbench,400.perlbench_990,1,30,0,9,6,53,5,2,-1,0,0,26,0
400.perlbench,400.perlbench_991,1,14,0,7,1,31,0,1,-1,0,0,11,0
400.perlbench,400.perlbench_992,1,38,0,13,7,70,7,4,-1,0,0,34,0
400.perlbench,400.perlbench_993,1,36,0,11,3,76,4,3,-1,0,0,32,0
400.perlbench,400.perlbench_994,1,30,0,9,6,53,5,2,-1,0,0,26,0
400.perlbench,400.perlbench_995,1,18,0,8,2,38,1,2,-1,0,0,15,0
400.perlbench,400.perlbench_996,1,30,0,11,5,56,5,2,-1,0,0,26,0
400.perlbench,400.perlbench_997,1,37,0,11,4,75,5,3,-1,0,0,33,0
400.perlbench,400.perlbench_998,1,26,0,8,5,46,4,2,-1,0,0,22,0
400.perlbench,400.perlbench_999,1,18,0,8,2,38,1,2,-1,0,0,15,0
400.perlbench,400.perlbench_1000,1,30,0,11,5,56,5,2,-1,0,0,26,0
400.perlbench,400.perlbench_1001,1,37,0,11,4,75,5,3,-1,0,0,33,0
400.perlbench,400.perlbench_1002,1,26,0,8,5,46,4,2,-1,0,0,22,0
400.perlbench,400.perlbench_1003,1,14,0,7,1,31,0,1,-1,0,0,11,0
400.perlbench,400.perlbench_1004,1,18,0,8,2,35,2,3,-1,0,0,14,0
400.perlbench,400.perlbench_1005,1,33,0,10,3,68,4,3,-1,504,0,29,0
400.perlbench,400.perlbench_1006,1,26,0,8,5,46,4,2,-1,145463858,0,22,0
400.perlbench,400.perlbench_1007,1,14,0,7,1,31,0,1,-1,522266916,0,11,0
400.perlbench,400.perlbench_1008,1,18,0,8,2,35,2,3,-1,0,0,14,0
400.perlbench,400.perlbench_1009,1,33,0,10,3,68,4,3,-1,0,0,29,0
400.perlbench,400.perlbench_1010,1,26,0,8,5,46,4,2,-1,0,0,22,0
400.perlbench,400.perlbench_1011,1,5,0,1,4,9,0,0,1,230435339,0,4,0
400.perlbench,400.perlbench_1012,2,102,0,23,41,193,20,2,1,0,0,97,0
400.perlbench,400.perlbench_1013,2,134,0,33,47,237,19,3,-1,0,0,114,0
400.perlbench,400.perlbench_1014,2,134,0,33,47,237,19,3,-1,0,0,114,0
400.perlbench,400.perlbench_1015,2,199,0,52,67,346,29,3,-1,0,0,167,0
400.perlbench,400.perlbench_1016,2,20,0,3,9,30,6,1,1,0,0,20,0
400.perlbench,400.perlbench_1017,2,6,0,2,1,10,1,1,1,0,0,5,0
400.perlbench,400.perlbench_1018,3,10,0,3,2,18,2,1,1,215335653,0,11,0
400.perlbench,400.perlbench_1019,3,6,0,2,1,10,1,1,1,215335653,0,6,0
400.perlbench,400.perlbench_1020,3,50,0,9,22,98,5,2,-1,0,0,46,0
400.perlbench,400.perlbench_1021,3,49,0,9,22,95,4,2,1,0,0,43,0
400.perlbench,400.perlbench_1022,2,112,0,35,23,185,17,5,-1,217901209,0,109,0
400.perlbench,400.perlbench_1023,2,102,0,23,41,193,20,2,1,2586553,0,97,0
400.perlbench,400.perlbench_1024,2,81,0,18,27,130,15,3,-1,16126893,0,74,0
400.perlbench,400.perlbench_1025,2,102,0,23,41,193,20,2,1,0,0,97,0
400.perlbench,400.perlbench_1026,2,82,0,21,25,138,13,3,-1,18713447,0,73,0
400.perlbench,400.perlbench_1027,2,17,0,3,8,43,0,2,-1,1670,0,24,0
400.perlbench,400.perlbench_1028,2,6,0,2,1,13,0,1,1,0,0,6,0
400.perlbench,400.perlbench_1029,2,51,0,9,24,99,4,3,-1,0,0,46,0
400.perlbench,400.perlbench_1030,2,51,0,9,24,99,4,3,-1,0,0,46,0
400.perlbench,400.perlbench_1031,3,4,0,1,3,6,0,0,1,0,0,3,0
400.perlbench,400.perlbench_1032,2,44,0,6,20,82,7,3,-1,236,0,45,0
400.perlbench,400.perlbench_1033,1,3778,1,882,1316,7712,541,10,-1,0,0,4185,0
400.perlbench,400.perlbench_1034,1,31,0,6,15,62,2,3,-1,0,0,34,0
400.perlbench,400.perlbench_1035,1,43,0,1,29,62,9,0,1,825,0,42,0
400.perlbench,400.perlbench_1036,1,13,0,3,7,20,2,1,1,0,0,11,0
400.perlbench,400.perlbench_1037,1,50,0,3,31,71,11,1,1,0,0,47,0
400.perlbench,400.perlbench_1038,2,0,0,0,0,0,0,0,1,1280,0,0,0
400.perlbench,400.perlbench_1039,1,21,0,7,2,40,0,2,-1,23,0,19,0
400.perlbench,400.perlbench_1040,1,34,0,8,4,62,7,3,-1,1110,0,35,0
400.perlbench,400.perlbench_1041,1,8,0,3,1,16,1,2,1,0,0,8,0
400.perlbench,400.perlbench_1042,1,6,0,2,1,10,1,1,1,0,0,5,0
400.perlbench,400.perlbench_1043,1,4,0,2,0,8,0,1,1,0,0,4,0
400.perlbench,400.perlbench_1044,1,6,0,2,1,10,1,1,1,0,0,6,0
400.perlbench,400.perlbench_1045,1,16,0,4,4,26,4,1,1,0,0,16,0
400.perlbench,400.perlbench_1046,1,16,0,4,4,26,4,1,1,0,0,16,0
400.perlbench,400.perlbench_1047,1,8,0,3,0,20,1,2,1,0,0,9,0
400.perlbench,400.perlbench_1048,1,29,0,5,7,52,9,1,1,0,0,27,0
400.perlbench,400.perlbench_1049,1,8,0,3,1,19,0,2,1,0,0,9,0
400.perlbench,400.perlbench_1050,1,32,0,9,7,57,7,3,1,0,0,30,0
400.perlbench,400.perlbench_1051,1,37,0,10,3,72,5,3,1,0,0,34,0
400.perlbench,400.perlbench_1052,1,26,0,6,6,41,5,2,1,0,0,23,0
400.perlbench,400.perlbench_1053,1,9,0,3,1,21,0,2,1,0,0,10,0
400.perlbench,400.perlbench_1054,1,33,0,9,7,59,7,3,1,0,0,31,0
400.perlbench,400.perlbench_1055,1,38,0,10,3,74,5,3,1,0,0,35,0
400.perlbench,400.perlbench_1056,1,27,0,6,6,43,5,2,1,0,0,24,0
400.perlbench,400.perlbench_1057,1,14,0,5,2,29,1,3,1,0,0,14,0
400.perlbench,400.perlbench_1058,1,24,0,7,5,44,5,1,1,0,0,22,0
400.perlbench,400.perlbench_1059,1,38,0,10,4,71,6,3,1,15354742,0,35,0
400.perlbench,400.perlbench_1060,1,20,0,4,5,31,4,2,1,0,0,18,0
400.perlbench,400.perlbench_1061,1,39,0,10,4,73,6,3,1,0,0,36,0
400.perlbench,400.perlbench_1062,1,21,0,4,5,33,4,2,1,1470,0,19,0
400.perlbench,400.perlbench_1063,1,15,0,5,2,31,1,3,1,0,0,15,0
400.perlbench,400.perlbench_1064,1,25,0,7,5,46,5,1,1,16412,0,23,0
400.perlbench,400.perlbench_1065,1,8,0,3,1,19,0,2,1,0,0,9,0
400.perlbench,400.perlbench_1066,1,12,0,4,2,20,2,2,1,0,0,10,0
400.perlbench,400.perlbench_1067,1,9,0,3,1,21,0,2,1,30,0,10,0
400.perlbench,400.perlbench_1068,1,13,0,4,2,22,2,2,1,787836,0,11,0
400.perlbench,400.perlbench_1069,1,5,0,2,1,8,0,1,1,192,0,2,0
400.perlbench,400.perlbench_1070,1,1383,0,136,743,2336,272,4,-1,0,0,1263,0
400.perlbench,400.perlbench_1071,1,22,0,3,12,38,2,1,1,0,0,20,0
400.perlbench,400.perlbench_1072,1,40,0,3,21,62,8,1,1,0,0,35,0
400.perlbench,400.perlbench_1073,1,0,0,0,0,0,0,0,1,0,0,0,0
400.perlbench,400.perlbench_1074,1,0,0,0,0,0,0,0,1,0,0,0,0
400.perlbench,400.perlbench_1075,2,19,0,5,6,41,0,2,1,60724,0,20,0
400.perlbench,400.perlbench_1076,1,8,0,2,4,12,1,0,1,14,0,7,0
400.perlbench,400.perlbench_1077,1,6,0,1,2,9,2,0,1,0,0,5,0
400.perlbench,400.perlbench_1078,1,6,0,1,2,9,2,0,1,1,0,5,0
400.perlbench,400.perlbench_1079,1,6,0,1,2,9,2,0,1,3,0,5,0
400.perlbench,400.perlbench_1080,1,6,0,1,2,9,2,0,1,18,0,5,0
400.perlbench,400.perlbench_1081,1,6,0,1,2,9,2,0,1,242,0,5,0
400.perlbench,400.perlbench_1082,1,6,0,1,2,9,2,0,1,2669,0,5,0
400.perlbench,400.perlbench_1083,1,6,0,1,2,9,2,0,1,2,0,5,0
400.perlbench,400.perlbench_1084,1,6,0,1,2,9,2,0,1,11,0,5,0
400.perlbench,400.perlbench_1085,1,6,0,1,2,9,2,0,1,64637,0,5,0
400.perlbench,400.perlbench_1086,1,6,0,1,2,9,2,0,1,266632919,0,5,0
400.perlbench,400.perlbench_1087,1,6,0,1,2,9,2,0,1,1,0,5,0
400.perlbench,400.perlbench_1088,1,6,0,1,2,9,2,0,1,255,0,5,0
400.perlbench,400.perlbench_1089,1,6,0,1,2,9,2,0,1,282896324,0,5,0
400.perlbench,400.perlbench_1090,2,7,0,2,2,14,0,1,1,12,0,6,0
400.perlbench,400.perlbench_1091,1,14,0,4,4,23,2,1,1,200,0,11,0
400.perlbench,400.perlbench_1092,1,8,0,2,2,15,2,1,-1,0,0,8,0
400.perlbench,400.perlbench_1093,1,14,0,3,4,26,3,1,5,0,0,16,0
400.perlbench,400.perlbench_1094,1,0,0,0,0,0,0,0,1,21,0,0,0
400.perlbench,400.perlbench_1095,1,108,0,30,37,200,7,5,1,0,0,105,0
400.perlbench,400.perlbench_1096,1,0,0,0,0,0,0,0,1,29,0,0,0
400.perlbench,400.perlbench_1097,1,7,0,1,2,12,2,1,-1,0,0,7,0
400.perlbench,400.perlbench_1098,1,5,0,1,2,9,1,1,-1,0,0,5,0
400.perlbench,400.perlbench_1099,1,79,0,21,34,153,6,3,1,0,0,71,0
400.perlbench,400.perlbench_1100,1,5,0,2,2,9,0,1,-1,0,0,5,0
400.perlbench,400.perlbench_1101,1,0,0,0,0,0,0,0,1,267464920,0,0,0
400.perlbench,400.perlbench_1102,1,0,0,0,0,0,0,0,1,126,0,0,0
400.perlbench,400.perlbench_1103,1,183,0,13,126,341,14,4,-1,126,0,172,0
400.perlbench,400.perlbench_1104,1,8,0,3,4,14,0,1,1,0,0,8,0
400.perlbench,400.perlbench_1105,1,6,0,2,0,12,0,1,1,505,0,6,0
400.perlbench,400.perlbench_1106,1,6,0,2,0,12,0,1,1,0,0,6,0
400.perlbench,400.perlbench_1107,1,0,0,0,0,0,0,0,1,0,0,0,0
400.perlbench,400.perlbench_1108,2,6,0,2,1,10,1,1,1,0,0,5,0
400.perlbench,400.perlbench_1109,1,2,0,1,1,3,0,0,1,0,0,1,0
400.perlbench,400.perlbench_1110,1,21,0,4,10,37,3,2,-1,0,0,23,0
400.perlbench,400.perlbench_1111,2,6,0,2,1,10,1,1,1,0,0,5,0
400.perlbench,400.perlbench_1112,1,2,0,1,1,3,0,0,1,0,0,1,0
400.perlbench,400.perlbench_1113,1,3,0,1,0,7,0,1,-1,0,0,2,0
400.perlbench,400.perlbench_1114,4,9,0,1,4,16,2,1,-1,0,0,11,0
400.perlbench,400.perlbench_1115,3,113,0,17,36,206,19,4,-1,0,0,124,0
400.perlbench,400.perlbench_1116,2,0,0,0,0,0,0,0,-1,0,0,0,0
400.perlbench,400.perlbench_1117,1,53,0,3,26,90,12,1,-1,0,0,52,0
400.perlbench,400.perlbench_1118,2,12,0,3,2,24,3,2,1,0,0,16,0
400.perlbench,400.perlbench_1119,1,81,0,17,29,159,12,4,-1,0,0,80,0
400.perlbench,400.perlbench_1120,1,4,0,2,0,8,0,1,-1,18,0,2,0
400.perlbench,400.perlbench_1121,1,4,0,1,3,6,0,0,1,0,0,4,0
400.perlbench,400.perlbench_1122,1,43,0,9,15,73,9,2,-1,0,0,44,0
400.perlbench,400.perlbench_1123,1,6,0,2,1,10,1,1,1,752803,0,5,0
400.perlbench,400.perlbench_1124,1,16