462.libquantum,462.libquantum_1,1,2,0,1,0,3,0,0,1,2,0,1,0
462.libquantum,462.libquantum_2,1,0,0,0,0,0,0,0,1,3,0,0,0
462.libquantum,462.libquantum_3,1,5,0,1,0,9,0,0,-1,1,0,8,0
462.libquantum,462.libquantum_4,1,1,0,1,0,1,0,0,1,2,0,0,0
462.libquantum,462.libquantum_5,1,1,0,1,0,1,0,0,1,11,0,0,0
462.libquantum,462.libquantum_6,2,23,2,4,9,38,5,1,1,0,0,26,0
462.libquantum,462.libquantum_7,1,28,6,2,17,55,1,0,1,0,0,35,0
462.libquantum,462.libquantum_8,2,0,0,0,0,0,0,0,1,0,0,0,0
462.libquantum,462.libquantum_9,1,23,6,2,3,34,7,0,1,0,0,25,0
462.libquantum,462.libquantum_10,2,3,0,1,0,5,0,0,1,1,0,3,0
462.libquantum,462.libquantum_11,1,8,0,2,0,17,0,0,1,1,0,6,0
462.libquantum,462.libquantum_12,1,21,0,3,11,39,4,1,1,0,0,20,0
462.libquantum,462.libquantum_13,1,32,0,5,16,60,6,1,1,0,0,30,0
462.libquantum,462.libquantum_14,2,15,0,3,7,27,2,1,1,0,0,15,0
462.libquantum,462.libquantum_15,1,15,0,4,6,26,2,1,1,0,0,14,0
462.libquantum,462.libquantum_16,1,23,0,4,14,42,2,1,1,0,0,26,0
462.libquantum,462.libquantum_17,1,10,0,1,6,18,2,0,1,0,0,10,0
462.libquantum,462.libquantum_18,1,58,12,4,35,118,4,1,1,0,0,64,0
462.libquantum,462.libquantum_19,1,30,6,3,17,61,2,1,1,0,0,32,0
462.libquantum,462.libquantum_20,1,7,0,1,0,19,0,0,1,110,0,9,0
462.libquantum,462.libquantum_21,2,14,0,1,5,23,5,0,1,0,0,15,0
462.libquantum,462.libquantum_22,1,34,0,3,15,63,8,1,-1,0,0,36,0
462.libquantum,462.libquantum_23,1,16,0,1,0,40,0,0,1,11,0,18,0
462.libquantum,462.libquantum_24,1,59,1,6,39,118,5,2,1,17032,0,65,0
462.libquantum,462.libquantum_25,1,363,70,23,234,739,18,3,-1,0,0,444,0
462.libquantum,462.libquantum_26,1,22,0,1,17,45,2,0,1,0,0,21,0
462.libquantum,462.libquantum_27,1,74,2,9,39,147,10,3,1,11519,0,79,0
462.libquantum,462.libquantum_28,1,8,0,1,5,16,1,0,1,180224,0,8,0
462.libquantum,462.libquantum_29,1,5,0,1,4,9,0,0,1,22,0,4,0
462.libquantum,462.libquantum_30,1,7,0,2,2,14,1,1,1,0,0,6,0
462.libquantum,462.libquantum_31,1,21,0,3,11,40,3,1,-1,11262,0,20,0
462.libquantum,462.libquantum_32,1,59,1,6,39,118,5,2,1,0,0,65,0
462.libquantum,462.libquantum_33,1,351,72,23,224,717,14,3,-1,0,0,430,0
462.libquantum,462.libquantum_34,1,22,0,1,17,45,2,0,1,0,0,21,0
462.libquantum,462.libquantum_35,1,62,4,9,29,125,6,3,1,0,0,65,0
462.libquantum,462.libquantum_36,1,8,0,1,5,16,1,0,1,0,0,8,0
462.libquantum,462.libquantum_37,1,5,0,1,4,9,0,0,1,0,0,4,0
462.libquantum,462.libquantum_38,1,2,0,1,0,4,0,0,1,0,0,1,0
462.libquantum,462.libquantum_39,1,62,17,4,37,127,2,1,1,0,0,80,0
462.libquantum,462.libquantum_40,1,23,6,1,16,48,0,0,1,0,0,30,0
462.libquantum,462.libquantum_41,1,34,6,3,21,69,2,1,1,0,0,40,0
462.libquantum,462.libquantum_42,1,45,6,5,26,90,4,1,1,54676,0,50,0
462.libquantum,462.libquantum_43,1,45,6,5,26,90,4,1,1,0,0,50,0
462.libquantum,462.libquantum_44,1,45,6,5,26,90,4,1,1,0,0,50,0
462.libquantum,462.libquantum_45,2,42,0,1,28,81,6,0,1,0,0,52,0
462.libquantum,462.libquantum_46,1,3,0,2,0,4,0,0,1,0,0,0,0
462.libquantum,462.libquantum_47,1,0,0,0,0,0,0,0,1,0,0,0,0
462.libquantum,462.libquantum_48,1,20,2,2,13,40,2,1,-1,1568,0,22,0
462.libquantum,462.libquantum_49,1,28,1,3,18,55,2,1,1,32768,0,31,0
462.libquantum,462.libquantum_50,1,62,18,3,34,126,3,1,1,0,0,76,0
462.libquantum,462.libquantum_51,1,77,2,10,47,156,4,1,1,0,0,83,0
462.libquantum,462.libquantum_52,1,28,1,3,18,55,2,1,1,0,0,31,0
462.libquantum,462.libquantum_53,1,20,0,4,0,49,1,1,1,1100,0,22,0
462.libquantum,462.libquantum_54,1,20,0,4,0,49,1,1,1,1100,0,22,0
462.libquantum,462.libquantum_55,1,21,0,6,0,47,2,1,1,110,0,21,0
462.libquantum,462.libquantum_56,1,22,0,6,0,49,2,1,1,660,0,22,0
462.libquantum,462.libquantum_57,1,20,0,1,2,32,9,0,9,0,0,22,0
462.libquantum,462.libquantum_58,1,16,0,1,2,28,5,0,5,0,0,18,0
462.libquantum,462.libquantum_59,1,5,0,1,4,8,0,0,9,0,0,6,0
462.libquantum,462.libquantum_60,1,12,0,1,2,19,4,0,9,0,0,13,0
462.libquantum,462.libquantum_61,1,11,0,1,2,18,3,0,5,0,0,12,0
462.libquantum,462.libquantum_62,1,10,0,1,8,16,0,0,1,0,0,9,0
462.libquantum,462.libquantum_63,2,3,0,1,2,6,0,0,81,0,0,3,0
462.libquantum,462.libquantum_64,1,108,0,27,24,339,13,0,-1,0,0,108,0
462.libquantum,462.libquantum_65,1,10,0,3,0,22,1,1,1,22,0,8,0
462.libquantum,462.libquantum_66,1,13,0,1,0,34,1,0,1,11,0,14,0
462.libquantum,462.libquantum_67,1,14,0,1,0,36,1,0,1,11,0,16,0
462.libquantum,462.libquantum_68,1,39,0,6,14,86,0,2,1,0,0,39,0
462.libquantum,462.libquantum_69,1,15,0,5,0,34,0,2,1,0,0,14,0
462.libquantum,462.libquantum_70,1,24,0,6,0,56,0,2,1,0,0,30,0
462.libquantum,462.libquantum_71,1,103,0,16,44,197,12,2,1,0,0,99,0
462.libquantum,462.libquantum_72,2,2,0,1,0,5,0,0,1,55,0,2,0
462.libquantum,462.libquantum_73,1,4,0,2,0,7,0,0,1,1,0,1,0
462.libquantum,462.libquantum_74,2,2,0,1,0,5,0,0,1,0,0,2,0
462.libquantum,462.libquantum_75,1,4,0,2,0,7,0,0,1,0,0,2,0
462.libquantum,462.libquantum_76,1,37,2,3,27,75,2,1,1,0,0,42,0
462.libquantum,462.libquantum_77,1,15,2,3,7,29,0,1,1,0,0,15,0
462.libquantum,462.libquantum_78,1,21,0,1,20,44,0,0,1,0,0,23,0
462.libquantum,462.libquantum_79,2,17,0,3,5,32,3,2,1,0,0,15,0
462.libquantum,462.libquantum_80,1,60,0,2,46,122,6,0,1,0,0,65,0
462.libquantum,462.libquantum_81,1,16,0,1,7,30,4,0,1,0,0,17,0
462.libquantum,462.libquantum_82,1,13,0,1,10,25,2,0,1,1,0,13,0
462.libquantum,462.libquantum_83,1,23,0,3,13,43,3,1,1,0,0,23,0
462.libquantum,462.libquantum_84,2,65,6,1,45,128,8,0,1,0,0,78,0
462.libquantum,462.libquantum_85,1,2,0,2,0,2,0,0,1,0,0,0,0
462.libquantum,462.libquantum_86,2,3,0,1,0,5,1,0,1,61643,0,3,0
462.libquantum,462.libquantum_87,2,4,0,1,0,6,2,0,1,30925,0,4,0
462.libquantum,462.libquantum_88,1,83,16,8,41,167,4,1,1,32768,0,98,0
462.libquantum,462.libquantum_89,1,42,1,6,23,88,2,1,1,20,0,47,0
462.libquantum,462.libquantum_90,1,56,8,3,39,114,3,1,1,0,0,67,0
462.libquantum,462.libquantum_91,1,8,0,1,5,16,1,0,1,0,0,8,0
462.libquantum,462.libquantum_92,1,5,0,1,4,9,0,0,1,0,0,4,0
462.libquantum,462.libquantum_93,1,7,0,2,2,14,1,1,1,0,0,6,0
462.libquantum,462.libquantum_94,1,21,0,3,11,40,3,1,-1,0,0,20,0
462.libquantum,462.libquantum_95,1,10,0,1,0,25,0,0,1,1,0,18,0
462.libquantum,462.libquantum_96,1,2,0,1,0,4,0,0,1,1,0,1,0
462.libquantum,462.libquantum_97,1,2,0,1,0,4,0,0,1,11,0,2,0
462.libquantum,462.libquantum_98,1,4,0,2,0,8,0,1,1,1,0,3,0
